PeakDM_V,PeakCM_V,PeakGround_V,AbsAreaDM_Vs,AbsAreaCM_Vs,NoiseExposure_s,ReceiverBand_s,NoiseCrossings,ReceiverCrossings,Grazing,MinimumTotalDifferential_V,MaximumTotalDifferential_V,MaximumTotalCommonMode_V,CommonModeLimitExceeded,Case,Level,MaxStep_s,RelativeTolerance,AbsoluteTolerance,Runtime_s,NativeSamples,ReferenceSamples,ReferenceDMError_V,ReferenceCMError_V,ReferenceGroundError_V,ReferenceCurrentError_A,ReferencePassed,AllFinite,WarningCount,StopEvent
0,0,4.44089209850063e-16,0,0,0,0,0,0,0,1.08591748720053,1.08591748720053,2.51733009767258,0,baseline,1,1e-09,1e-05,1e-09,10.6003456,5008,5008,0,0,4.44089209850063e-16,2.28224557308199e-17,1,1,0,ReachedStopTime
0,0,0,0,0,0,0,0,0,0,1.08591748720053,1.08591748720053,2.51733009767258,0,baseline,2,5e-10,1e-05,1e-09,1.6093128,10008,10008,0,0,0,1.34441069388203e-17,1,1,0,ReachedStopTime
0,0,0,0,0,0,0,0,0,0,1.08591748720053,1.08591748720053,2.51733009767258,0,baseline,3,2.5e-10,1e-05,1e-09,1.6885292,20009,20009,0,0,0,1.2414114874959e-17,1,1,0,ReachedStopTime
0.00719363311670218,0.113311661804799,0.0197429432749443,2.29015500098829e-10,1.13311668360192e-08,0,0,0,0,0,1.07872385408383,1.09206868010408,2.63064175947738,0,capacitive_rise,1,1e-09,1e-05,1e-09,0.996124,5248,5248,1.33094571430625e-06,9.69900705882765e-06,3.65234495713906e-06,4.3501031962549e-07,1,1,0,ReachedStopTime
0.00719371754234288,0.113311661779408,0.0197429259656081,2.2901578416536e-10,1.13311668445265e-08,0,0,0,0,0,1.07872376965819,1.09206864789792,2.63064175945199,0,capacitive_rise,2,5e-10,1e-05,1e-09,1.450172,10226,10226,1.33791905332359e-06,9.74367459427583e-06,3.66446231403472e-06,4.36222107747213e-07,1,1,0,ReachedStopTime
0.00719365146277262,0.113311661770523,0.0197429063596712,2.29005255404522e-10,1.13311668209533e-08,0,0,0,0,0,1.07872383573776,1.09206958572614,2.6306417594431,0,capacitive_rise,3,2.5e-10,1e-05,1e-09,1.2935709,20202,20202,1.30194866354572e-06,9.71045871400733e-06,3.48009831796503e-06,4.5493646124513e-07,1,1,0,ReachedStopTime
0.0299807476264005,0.277072985530052,0.27885,4.98236174869818e-09,5.54145971072086e-08,0,0,0,0,0,1.08012392256505,1.11589823482693,2.79440308320263,0,inductive_rise,1,1e-09,1e-05,1e-09,1.0157487,5792,5792,3.06834866492522e-06,2.09861836926173e-05,1.05345616336905e-05,9.17666324039799e-07,1,1,0,ReachedStopTime
0.0299795476893703,0.277072985530052,0.27885,4.98236180191362e-09,5.5414597107125e-08,0,0,0,0,0,1.08012515515046,1.1158970348899,2.79440308320263,0,inductive_rise,2,5e-10,1e-05,1e-09,1.0111336,10258,10258,2.70422606041265e-06,1.90052759285742e-05,1.05354964636817e-05,8.93746811611866e-07,1,1,0,ReachedStopTime
0.0299802235139923,0.277072985530052,0.27885,4.98236045222647e-09,5.54145971074895e-08,0,0,0,0,0,1.08012445782843,1.11589771071453,2.79440308320263,0,inductive_rise,3,2.5e-10,1e-05,1e-09,1.4461757,21807,21807,2.69409086861572e-06,1.8882325230507e-05,1.05304786837124e-05,8.83284157689158e-07,1,1,0,ReachedStopTime
0.0171188060927681,0.372315961628857,0.374996186203852,7.74356826066303e-10,3.50938442455487e-07,0,0,0,0,0,1.06879868110776,1.10290441621252,2.88964605930144,0,shared_rise,1,1e-09,1e-05,1e-09,0.9748928,5592,5592,3.57873889322846e-06,2.70155843322684e-05,1.70068884677299e-05,1.20903414346785e-06,1,1,0,ReachedStopTime
0.0171130764575427,0.372315855159163,0.374996205411172,7.74351207223101e-10,3.50938442455494e-07,0,0,0,0,0,1.06880441074299,1.10290348198732,2.88964595283174,0,shared_rise,2,5e-10,1e-05,1e-09,0.9912215,10325,10325,3.24739422108422e-06,2.41336614132948e-05,1.62723202499215e-05,1.08944418646117e-06,1,1,0,ReachedStopTime
0.0171228994871355,0.372315982758297,0.374996191092997,7.74350219778718e-10,3.50938442455361e-07,0,0,0,0,0,1.0687945877134,1.10290156717235,2.88964608043088,0,shared_rise,3,2.5e-10,1e-05,1e-09,1.2978113,21517,21517,2.68899725064387e-06,2.06048785482693e-05,1.48655133336284e-05,9.74305275930343e-07,1,1,0,ReachedStopTime
0.0517318477660647,0.725338507408872,0.653845179005081,5.59117835505353e-09,4.17684210229212e-07,0,0,0,0,0,1.06382514129135,1.1376493349666,3.24266860508145,0,combined_rise,1,1e-09,1e-05,1e-09,1.036739,5897,5897,6.72875499985182e-06,4.91634936841123e-05,3.72710877605265e-05,2.27595269386427e-06,1,1,0,ReachedStopTime
0.0517357804715521,0.725338507253796,0.653847284620035,5.59118209950598e-09,4.17684209765017e-07,0,0,0,0,0,1.0638213355913,1.13765326767209,3.24266860492638,0,combined_rise,2,5e-10,1e-05,1e-09,1.0792983,11055,11055,6.6462028858183e-06,4.83346330444334e-05,3.44220082246771e-05,2.23960843559468e-06,1,1,0,ReachedStopTime
0.0517339213879393,0.725338507206717,0.653845166285457,5.59118648710382e-09,4.17684209078413e-07,0,0,0,0,0,1.06382402704413,1.13765140858847,3.2426686048793,0,combined_rise,3,2.5e-10,1e-05,1e-09,1.1979086,22222,22222,5.87299316867629e-06,4.33629797034207e-05,3.1118569294275e-05,2.03890580027788e-06,1,1,0,ReachedStopTime
0.0517343799235193,0.725338507408066,0.653845259314458,5.59118353052287e-09,4.17684210064808e-07,0,0,0,0,0,1.03418310727701,1.10800762390499,2.51733009767258,0,combined_fall,1,1e-09,1e-05,1e-09,0.7172937,5809,5809,6.70748243236652e-06,4.90625372191467e-05,3.79407444648372e-05,2.26200178785052e-06,1,1,0,ReachedStopTime
0.0517365466912592,0.725338507253834,0.653845182401092,5.59117947029212e-09,4.17684209843492e-07,0,0,0,0,0,1.03418094050927,1.10800936660646,2.51733009767258,0,combined_fall,2,5e-10,1e-05,1e-09,0.8226507,11106,11106,6.45414777955544e-06,4.71221969320368e-05,3.48202043363166e-05,2.16757492980946e-06,1,1,0,ReachedStopTime
0.0517358021193541,0.725338507206364,0.653845274695065,5.59118006947138e-09,4.17684210347748e-07,0,0,0,0,0,1.03418168508118,1.10801117527183,2.51733009767258,0,combined_fall,3,2.5e-10,1e-05,1e-09,0.8666743,21891,21891,6.06567320882156e-06,4.45948242246974e-05,3.21495101638369e-05,2.07638082709571e-06,1,1,0,ReachedStopTime
1.33226762955019e-15,0.725392520125853,0.6524957050566,2.97721409754602e-21,4.17757270218256e-07,0,0,0,0,0,1.08892921960072,1.08892921960073,3.2170785942585,0,balanced_combined,1,1e-09,1e-05,1e-09,0.9417396,5993,5993,2.70894418008538e-14,4.86946878037742e-05,3.79391088358716e-05,2.24115201907793e-06,1,1,0,ReachedStopTime
6.03961325396085e-14,0.725392520126242,0.652495742259183,5.87388448847419e-21,4.17757271652064e-07,0,0,0,0,0,1.08892921960067,1.08892921960079,3.21707859425889,0,balanced_combined,2,5e-10,1e-05,1e-09,0.7262084,11222,11222,7.54951656745106e-14,4.66207634222116e-05,3.47660849513431e-05,2.14915517515735e-06,1,1,0,ReachedStopTime
5.46229728115577e-14,0.725392520127327,0.652495563796072,5.05991312692951e-21,4.17757272181886e-07,0,8.470329472543e-22,0,0,0,1.08892921960067,1.08892921960078,3.21707859425997,0,balanced_combined,3,2.5e-10,1e-05,1e-09,1.0673694,21875,21875,6.52811138479592e-14,4.22525255769912e-05,3.19602402072405e-05,1.97965497376884e-06,1,1,0,ReachedStopTime
6.66133814775094e-16,8.88178419700125e-16,4.44089209850063e-16,3.33066907387547e-21,4.44089209850063e-21,0,0,0,0,0,1.08591748720053,1.08591748720053,2.51733009767258,0,zero_coupling,1,1e-09,1e-05,1e-09,7.5708577,5008,5008,6.66133814775094e-16,8.88178419700125e-16,4.44089209850063e-16,2.55871712706579e-17,1,1,0,ReachedStopTime
6.66133814775094e-16,8.88178419700125e-16,4.44089209850063e-16,3.33066907387547e-21,4.44089209850063e-21,0,0,0,0,0,1.08591748720053,1.08591748720053,2.51733009767258,0,zero_coupling,2,5e-10,1e-05,1e-09,0.7755222,10271,10271,6.66133814775094e-16,8.88178419700125e-16,4.44089209850063e-16,2.90024081139872e-17,1,1,0,ReachedStopTime
6.66133814775094e-16,8.88178419700125e-16,4.44089209850063e-16,3.33066907387547e-21,4.44089209850063e-21,0,0,0,0,0,1.08591748720053,1.08591748720053,2.51733009767258,0,zero_coupling,3,2.5e-10,1e-05,1e-09,0.7901564,20009,20009,6.66133814775094e-16,8.88178419700125e-16,4.44089209850063e-16,2.6400322900022e-17,1,1,0,ReachedStopTime
0,0,4.44089209850063e-16,0,0,0,0,0,0,0,1.08591748720053,1.08591748720053,2.51733009767258,0,zero_source,1,1e-09,1e-05,1e-09,2.2855214,5008,5008,0,0,4.44089209850063e-16,2.28224557308199e-17,1,1,0,ReachedStopTime
0,0,0,0,0,0,0,0,0,0,1.08591748720053,1.08591748720053,2.51733009767258,0,zero_source,2,5e-10,1e-05,1e-09,0.7692554,10008,10008,0,0,0,1.34441069388203e-17,1,1,0,ReachedStopTime
0,0,0,0,0,0,0,0,0,0,1.08591748720053,1.08591748720053,2.51733009767258,0,zero_source,3,2.5e-10,1e-05,1e-09,0.9863251,20009,20009,0,0,0,1.2414114874959e-17,1,1,0,ReachedStopTime
0.051731025633603,0.725338507357093,0.653847138358854,5.59117805097966e-09,4.1768421012627e-07,0,0,0,0,0,-1.11357076107165,-1.03974558331918,3.18954645109522,0,logic_low,1,1e-09,1e-05,1e-09,0.7589853,5832,5832,6.690993854086e-06,4.90346835548827e-05,3.55215282065169e-05,2.29524916495194e-06,1,1,0,ReachedStopTime
0.0517347496855582,0.72533850724126,0.653845297871738,5.59118156098348e-09,4.17684209944425e-07,0,0,0,0,0,-1.11357016588461,-1.03974185926722,3.18954645097938,0,logic_low,2,5e-10,1e-05,1e-09,0.8381972,11051,11051,6.26939769787782e-06,4.64545876779354e-05,3.48023358208716e-05,2.19814123425532e-06,1,1,0,ReachedStopTime
0.0517371499565566,0.725338507208384,0.653845134038958,5.59118445486722e-09,4.17684212346363e-07,0,0,0,0,0,-1.11357174974132,-1.03973945899622,3.18954645094651,0,logic_low,3,2.5e-10,1e-05,1e-09,0.9584577,22577,22577,6.10311400484065e-06,4.47604537638924e-05,3.19814955839215e-05,2.07582894914959e-06,1,1,0,ReachedStopTime
0.0517380661780931,0.725338507046949,0.653845189441692,5.59153231000087e-09,4.17684208966246e-07,0,1.83805862636578e-08,0,2,0,-1.09147660895278,1.10998199103618,3.24266862733068,0,transition_leads,1,1e-09,1e-05,1e-09,0.729736,5959,5959,8.12925713367108e-06,5.17596000992881e-05,3.6719026167642e-05,2.38791073225997e-06,1,1,0,ReachedStopTime
0.051732869029939,0.72533850715358,0.653847357144608,5.59139902061832e-09,4.17684214312034e-07,0,1.8380603989247e-08,0,2,0,-1.09147660895278,1.10998197184257,3.24266862743731,0,transition_leads,2,5e-10,1e-05,1e-09,0.710239,11236,11236,8.61791346062901e-06,5.16071620233483e-05,3.28721924325315e-05,2.39408823410336e-06,1,1,0,ReachedStopTime
0.0517389348257145,0.725338507186051,0.65384590942872,5.59128249831454e-09,4.17684212608516e-07,0,1.83806131143761e-08,0,2,0,-1.09147660895278,1.10998196641931,3.24266862746978,0,transition_leads,3,2.5e-10,1e-05,1e-09,0.7725589,21160,21160,7.71495940821154e-06,4.63058266477745e-05,3.05464251062482e-05,2.19326219004501e-06,1,1,0,ReachedStopTime
0.0517305251276499,0.72533848089685,0.653845150283789,5.59135606911887e-09,4.17684204806769e-07,0,1.83891954535086e-08,0,2,0,-1.09147660895278,1.10997496559571,3.25083184461048,0,transition_coincident,1,1e-09,1e-05,1e-09,0.656731,5803,5803,1.45438390815045e-05,5.38787653767692e-05,3.66267458509206e-05,2.49778136973688e-06,1,1,0,ReachedStopTime
0.0517340037037417,0.725338485370915,0.653845350685845,5.59127016106306e-09,4.17684207835471e-07,0,1.8389255187463e-08,0,2,0,-1.09147660895278,1.10997494004041,3.25083184908455,0,transition_coincident,2,5e-10,1e-05,1e-09,0.743254,11067,11067,8.1671187430743e-06,5.0372697786738e-05,3.45845889859753e-05,2.32866157912071e-06,1,1,0,ReachedStopTime
0.0517360674263201,0.725338491768331,0.653845132929053,5.59121508021439e-09,4.17684209789872e-07,0,1.83892706727237e-08,0,2,0,-1.09147660895278,1.10997493316561,3.25083185548196,0,transition_coincident,3,2.5e-10,1e-05,1e-09,0.7730668,21959,21959,5.94133331244251e-06,4.49132081783432e-05,3.07651402784437e-05,2.07350654733707e-06,1,1,0,ReachedStopTime
0.051731025633603,0.725338535869324,0.65384513934616,5.59060373909963e-09,4.17684219880651e-07,0,1.83811959553407e-08,0,2,0,-1.09147660895278,1.08583410037425,3.18954647960745,0,transition_lags,1,1e-09,1e-05,1e-09,0.6640928,5573,5573,1.46201161213e-05,5.12969830328558e-05,3.64224500490895e-05,2.41549159429866e-06,1,1,0,ReachedStopTime
0.0517347496855582,0.725338582027868,0.653845139545043,5.59089913324685e-09,4.17684212426856e-07,0,1.83812216019754e-08,0,2,0,-1.09147660895278,1.08583410037425,3.18954652576599,0,transition_lags,2,5e-10,1e-05,1e-09,0.7086028,10389,10389,7.51377186158919e-06,5.06374722042402e-05,3.42171386027434e-05,2.22409425498782e-06,1,1,0,ReachedStopTime
0.0517371499565566,0.725338537432719,0.653848864677516,5.59106962302324e-09,4.17684210422738e-07,0,1.83812370268579e-08,0,2,0,-1.09147660895278,1.08583410037425,3.18954648117084,0,transition_lags,3,2.5e-10,1e-05,1e-09,0.8105825,21555,21555,6.10311400484065e-06,4.47604537638924e-05,2.92898145179965e-05,2.07582894914959e-06,1,1,0,ReachedStopTime
1.82346381390519,2.37090139064332,0.653751853671159,1.85103390177194e-07,5.82175114110612e-07,1.34087494242633e-07,1.53946420784849e-08,2,4,0,-0.737546326704652,1.08600087402683,2.51733009767258,0,stress_fall,1,1e-09,1e-05,1e-09,0.9683696,5884,5884,7.42918495468814e-05,5.31811571193863e-05,5.76580506952418e-05,2.45090095107869e-06,1,1,0,ReachedStopTime
1.82346016862532,2.37089931201708,0.653755894842567,1.85103382831377e-07,5.82175108252124e-07,1.3408490006332e-07,1.53944113078364e-08,2,4,0,-0.737542681424787,1.08600087402682,2.51733009767258,0,stress_fall,2,5e-10,1e-05,1e-09,0.7754474,11513,11513,3.15283485328166e-05,4.85466264752432e-05,5.08845849247486e-05,2.23930816645179e-06,1,1,0,ReachedStopTime
1.82345902683557,2.37089866093816,0.653748528508578,1.85103379271783e-07,5.82175103116176e-07,1.3408682989047e-07,1.53939898905569e-08,2,4,0,-0.737541539635033,1.08600087402682,2.51733009767258,0,stress_fall,3,2.5e-10,1e-05,1e-09,1.2044537,20262,20262,1.77358608202116e-05,3.07136781148021e-05,4.94087026106094e-05,2.19680475543882e-06,1,1,0,ReachedStopTime
0.0518218239851167,0.725338507484588,0.653847072332972,1.26336384144144e-07,2.10573120568082e-05,0,0,0,0,0,1.03409566321542,1.13765622773255,3.24266860515717,0,pwm_10,1,1e-09,1e-05,1e-09,7.9348912,567909,100258,7.35266616458397e-06,5.38795191702413e-05,4.56980848291266e-05,2.55210362798408e-06,1,1,0,ReachedStopTime
0.0518213972910948,0.725338507333201,0.653852288957886,1.26336371203582e-07,2.10573121020039e-05,0,0,0,0,0,1.03409608990944,1.13765573178457,3.24266860500578,0,pwm_10,2,5e-10,1e-05,1e-09,16.9565402,1117128,100277,6.99640257595391e-06,5.12802410601587e-05,3.54607706309906e-05,2.3985121837683e-06,1,1,0,ReachedStopTime
0.0518213158352516,0.725338507294925,0.65385586259162,1.26336371043056e-07,2.10573120577707e-05,0,0,0,0,0,1.03409617136528,1.13765527248039,3.24266860496751,0,pwm_10,3,2.5e-10,1e-05,1e-09,29.4377363,2217095,100299,6.44113230841015e-06,4.78096605069922e-05,3.30234270569107e-05,2.27459759960524e-06,1,1,0,ReachedStopTime
0.0518218966337747,0.725338507484588,0.653847072332972,2.52672756796867e-07,4.21146241951341e-05,0,0,0,0,0,1.03409559056676,1.13765622773255,3.24266860515717,0,pwm_20,1,1e-09,1e-05,1e-09,17.3505742,1136629,100546,7.31891069083446e-06,5.40481144655214e-05,4.78612252856614e-05,2.50682563818216e-06,1,1,0,ReachedStopTime
0.0518213972910948,0.725338507363775,0.65386078595926,2.526727431306e-07,4.21146241804494e-05,0,0,0,0,0,1.03409608990944,1.13765573178457,3.24266860503636,0,pwm_20,2,5e-10,1e-05,1e-09,33.0466038,2227456,100577,7.00120970931195e-06,5.14149216854776e-05,3.56830413479337e-05,2.39081394590168e-06,1,1,0,ReachedStopTime
0.0518214358365516,0.725338507373361,0.653864815510467,2.52672730228376e-07,4.21146241152703e-05,0,0,0,0,0,1.03409605136398,1.13765538889361,3.24266860504594,0,pwm_20,3,2.5e-10,1e-05,1e-09,67.3183372,4426555,100593,6.50740331931132e-06,4.77653669441747e-05,3.30594044193333e-05,2.26382761357724e-06,1,1,0,ReachedStopTime
