Case,Cdiff_pF,Ccp_pF,InitialA,MaxStep_ns,Samples,Warnings,VoltageError_V,DifferentialError_V,CommonModeError_V,EventSequenceExact,EventTimeError_ns,DecoderSequenceExact,DecoderTimeError_ns,VirtualCountsExact,DomainPass,GridPass,FinitePass,InitialError,Pass,Elapsed_s,Error
Cd100_Ccp30_A0,100,30,0,0.5,185780,0,7.27805343503363e-06,1.35300768553392e-05,2.6137370601198e-06,1,6.18407362197224e-06,1,1.09298590414853e-07,1,1,1,1,1.33226762955019e-15,1,13.6523312,
Cd100_Ccp30_A0,100,30,0,0.25,275735,0,7.27784865861558e-06,1.35296786871741e-05,2.62230517167339e-06,1,6.36814108119065e-06,1,3.76544261537163e-08,1,1,1,1,1.33226762955019e-15,1,6.4841015,
Cd100_Ccp30_A0,100,30,0,0.125,455198,0,7.74573275164059e-06,1.43767467566391e-05,2.6167946047817e-06,1,6.32506267955919e-06,1,9.09145873276458e-08,1,1,1,1,1.33226762955019e-15,1,8.8360148,
Cd100_Ccp30_A1,100,30,1,0.5,190073,0,7.33218416959502e-06,1.36351002166801e-05,3.20558107014257e-06,1,1.52108889177847e-05,1,1.52108889177847e-05,1,1,1,1,6.66133814775094e-16,1,4.8889719,
Cd100_Ccp30_A1,100,30,1,0.25,275452,0,7.33211979797588e-06,1.36349753678822e-05,3.19575843654718e-06,1,1.52748310114565e-05,1,1.52748310114565e-05,1,1,1,1,6.66133814775094e-16,1,6.4853075,
Cd100_Ccp30_A1,100,30,1,0.125,455104,0,7.77584838473899e-06,1.44322479640469e-05,3.21114565093872e-06,1,1.44788559397133e-05,1,1.44788559397133e-05,1,1,1,1,6.66133814775094e-16,1,11.2464779,
Cd100_Ccp300_A0,100,300,0,0.5,188031,0,7.43952719357566e-05,6.95417866543036e-05,3.96243786086048e-05,1,0.000294103778060873,1,0.000294103778060873,1,0,1,1,1.57651669496772e-14,1,9.1349195,
Cd100_Ccp300_A0,100,300,0,0.25,277883,0,7.4395209214817e-05,6.95417280320854e-05,3.96243451988854e-05,1,0.000293967218562084,1,0.000293967218562084,1,0,1,1,1.57651669496772e-14,1,11.4619962,
Cd100_Ccp300_A0,100,300,0,0.125,485169,0,8.01782815091912e-05,7.49450246113614e-05,4.27057692035104e-05,1,0.000296473044834341,1,0.000296473044834341,1,0,1,1,1.57651669496772e-14,1,13.7877204,
Cd100_Ccp300_A1,100,300,1,0.5,188572,0,7.44175836593364e-05,6.95626411655326e-05,3.96362630767921e-05,1,0.000578601834887583,1,8.56097470339342e-07,1,0,1,1,7.54951656745106e-15,1,7.3831233,
Cd100_Ccp300_A1,100,300,1,0.25,281378,0,7.4417567981877e-05,6.95626265148075e-05,3.96362547245843e-05,1,0.000578588437367457,1,8.57942308098462e-07,1,0,1,1,7.54951656745106e-15,1,9.1093545,
Cd100_Ccp300_A1,100,300,1,0.125,488374,0,8.02023207959746e-05,7.49674920756949e-05,4.27185747582381e-05,1,0.000581650629184304,1,8.58218864355741e-07,1,0,1,1,7.54951656745106e-15,1,11.924718,
Cd1000_Ccp30_A0,1000,30,0,0.5,191519,0,7.30413924681095e-05,0.000137415720054879,4.33353244067014e-06,1,0.000360035171384417,1,0.000152164783611487,1,1,1,1,6.66133814775094e-16,1,5.0774128,
Cd1000_Ccp30_A0,1000,30,0,0.25,286889,0,7.30546625575812e-05,0.000137440685574752,4.33431977042709e-06,1,0.000360028110094252,1,0.000163522254107383,1,1,1,1,6.66133814775094e-16,1,5.758775,
Cd1000_Ccp30_A0,1000,30,0,0.125,455099,0,7.88507232161173e-05,0.000148345043764042,4.67820133409624e-06,1,0.0003597592851302,1,0.000146308329204502,1,1,1,1,6.66133814775094e-16,1,7.9547204,
Cd1000_Ccp30_A1,1000,30,1,0.5,188436,0,6.65632145673278e-05,0.000125227830729102,3.9492992029988e-06,1,0.00191815287628748,1,0.00191815287628748,1,1,1,1,2.22044604925031e-15,1,4.6909014,
Cd1000_Ccp30_A1,1000,30,1,0.25,291682,0,6.65632680654227e-05,0.00012522793137637,3.94930237712643e-06,1,0.00191810250662624,1,0.00191810250662624,1,1,1,1,2.22044604925031e-15,1,6.4847267,
Cd1000_Ccp30_A1,1000,30,1,0.125,455026,0,7.15947016960428e-05,0.00013469375855113,4.24782242069988e-06,1,0.00196756182640738,1,0.00196756182640738,1,1,1,1,2.22044604925031e-15,1,8.2603219,
Cd1000_Ccp300_A0,1000,300,0,0.5,235100,0,2.64257114634958e-06,5.15783346100029e-06,2.1160308605328e-07,1,6.75511574879195e-05,1,6.75511574879195e-05,1,0,1,1,4.44089209850063e-16,1,6.0533937,
Cd1000_Ccp300_A0,1000,300,0,0.25,324240,0,2.64257114634958e-06,5.15783350030219e-06,2.12021366907678e-07,1,6.75518448551562e-05,1,6.75518448551562e-05,1,0,1,1,4.44089209850063e-16,1,7.0533941,
Cd1000_Ccp300_A0,1000,300,0,0.125,522222,0,2.78397983599632e-06,5.47774954373637e-06,2.12345350858456e-07,1,6.76073195839707e-05,1,6.76073195839707e-05,1,0,1,1,4.44089209850063e-16,1,10.1378025,
Cd1000_Ccp300_A1,1000,300,1,0.5,244211,0,2.59928943724397e-06,5.02561977189231e-06,2.15769696776391e-07,1,3.70883667405605e-05,1,4.8671783698653e-08,1,0,1,1,1.11022302462516e-15,1,5.7082747,
Cd1000_Ccp300_A1,1000,300,1,0.25,329439,0,2.59928960177902e-06,5.02562004323082e-06,2.1518387516295e-07,1,3.70903581150194e-05,1,4.77472472367249e-08,1,0,1,1,1.11022302462516e-15,1,6.7501466,
Cd1000_Ccp300_A1,1000,300,1,0.125,528590,0,2.65308070712678e-06,5.16725579413624e-06,2.15348320509179e-07,1,3.65219066808206e-05,1,4.71763470302755e-08,1,0,1,1,1.11022302462516e-15,1,9.4228169,
