Fixture,Partition,Kind,Policy,ReferenceGoverned,WindowStart_s,WindowStop_s,WindowSamples,RequestedWindowRMSE_deg,CommandWindowRMSE_deg,ShapingWindowRMSE_deg,WindowDisturbanceRMSE_deg,FullRequestedRMSE_deg,FinalRequestedError_deg,FinalRequestedTailRMSE_deg,MaxTrueVelocity_rad_s,MaxCandidateMeasurementRate_rad_s,CandidateMeasurementRateSamples,MaxReferenceVelocity_rad_s,MaxReferenceAcceleration_rad_s2,WindowPeakCurrent_A,FullPeakCurrent_A,AlarmSamples,FirstAlarm_s,SafeStopDuration_s,FinalMode,StopOccurred,ResetReleaseOccurred,ReferenceTracePass,ReferenceBoundsPass,FinitePass,CommandBoundsPass,StopZeroPass,CommitsRemainStopped,ReleaseEvidencePass,CommandInvariantsPass,FirstReceiverExposure_s,FirstResponse_s,FirstStop_s,PreexistingAlarm,PreexistingResponse,FirstPostExposureAlarm_s,FirstPostExposureResponse_s,FirstPostExposureStop_s,BehaviorApplicable,AlarmDeadlinePass,CleanAlarmPass,ActualVelocityPass,CandidateMeasurementRatePass,FinalRequestedTrackingPass,DeclaredBehaviorPass
development_original_noise_reversal,development,clean,RAW,0,1.4,1.9,500,47.5918488940919,47.5918488940919,0,0,20.3924140805944,0.0534249198322711,0.0729059303446192,26.0482716843351,25.8124738711604,3000,1570.7963267949,1570796.3267949,2.87721347009691,2.87721347009691,41,1.427,0,0,0,0,1,0,1,1,1,1,1,1,NaN,1.427,NaN,0,0,NaN,NaN,NaN,1,1,0,0,0,1,0
development_original_noise_reversal,development,clean,GOVERNED,1,1.4,1.9,500,50.7659530447144,9.55149626720526,44.000887882216,0,22.7415546073944,0.048717589931566,0.0659598874620236,7.700787564167,8.01324152089389,3000,7.93591937613994,100.000254481314,0.123153313492103,0.123153313492103,0,NaN,0,0,0,0,1,1,1,1,1,1,1,1,NaN,NaN,NaN,0,0,NaN,NaN,NaN,1,1,1,1,1,1,1
development_noiseless_reversal,development,clean,RAW,0,1.4,1.9,500,47.592239345781,47.592239345781,0,0,20.3925543417869,0.0538782040442175,0.0733994220041605,26.0481400486264,25.8141997990073,3000,1570.7963267949,1570796.3267949,2.87713544301578,2.87713544301578,41,1.427,0,0,0,0,1,0,1,1,1,1,1,1,NaN,1.427,NaN,0,0,NaN,NaN,NaN,1,1,0,0,0,1,0
development_noiseless_reversal,development,clean,GOVERNED,1,1.4,1.9,500,50.7659009727545,9.5514677339502,44.000887882216,0,22.7415375299673,0.0491704482714962,0.0664541147095382,7.70074777665634,7.70059556643796,3000,7.93591937613994,100.000254481314,0.123238810020777,0.123238810020777,0,NaN,0,0,0,0,1,1,1,1,1,1,1,1,NaN,NaN,NaN,0,0,NaN,NaN,NaN,1,1,1,1,1,1,1
clean_step_80,evaluation,clean,RAW,0,0.137,0.837,700,17.9391618356782,17.9391618356782,0,0,8.66920530270959,9.47271750667203e-06,1.29366991765614e-05,22.9248041660268,22.9226461477887,3000,1396.26340159546,1396263.40159546,2.55748221182083,2.55748221182083,0,NaN,0,0,0,0,1,0,1,1,1,1,1,1,NaN,NaN,NaN,0,0,NaN,NaN,NaN,1,1,1,0,1,1,0
clean_step_80,evaluation,clean,GOVERNED,1,0.137,0.837,700,37.3237568804054,7.86752665103006,32.0352995325529,0,18.0405541222859,3.31156488644769e-05,4.52142800044318e-05,7.1525878990569,7.15255949380822,3000,7.52661314106129,100,0.123291966749982,0.123291966749982,0,NaN,0,0,0,0,1,1,1,1,1,1,1,1,NaN,NaN,NaN,0,0,NaN,NaN,NaN,1,1,1,1,1,1,1
clean_reversal_75,evaluation,clean,RAW,0,1.117,1.917,800,204.677498224628,204.677498224628,0,0,171.053631252822,223.389639643095,223.389639643095,53.0472954097906,47.4841395836661,3000,2617.99387799149,2617993.87799149,4.79496171784895,4.79496171784895,1871,1.13,1.62,4,1,0,1,0,1,1,1,1,1,1,NaN,1.13,1.38,0,0,NaN,NaN,NaN,1,1,0,0,0,0,0
clean_reversal_75,evaluation,clean,GOVERNED,1,1.117,1.917,800,75.3557930959644,11.7557694876359,67.3493953877285,0,42.360247450172,0.0239449439499625,0.0325067363749569,9.80325786747495,9.80303432841861,3000,9.27412178593151,100.017955344089,0.122825314053688,0.123291966749982,0,NaN,0,0,0,0,1,1,1,1,1,1,1,1,NaN,NaN,NaN,0,0,NaN,NaN,NaN,1,1,1,1,1,1,1
clean_reversal_100,evaluation,clean,RAW,0,1.263,2.163,900,300.017025628102,300.017025628102,0,0,235.716486611961,300.017025628102,300.017025628102,30.8638788185893,29.5981426145273,3000,3490.65850398866,3490658.50398866,2.89410468691453e-13,3.19685276477604,2787,0.204,2.427,4,1,0,1,0,1,1,1,1,1,1,NaN,0.204,0.573,0,0,NaN,NaN,NaN,1,1,0,0,0,0,0
clean_reversal_100,evaluation,clean,GOVERNED,1,1.263,2.163,900,101.676568961954,12.9368412653582,92.9353071513075,0,60.4778639126371,0.0979839437449053,0.132390952191199,10.4710124673802,10.4709393041329,3000,9.70027497404002,100.009231936316,0.122867170763011,0.123291966749982,0,NaN,0,0,0,0,1,1,1,1,1,1,1,1,NaN,NaN,NaN,0,0,NaN,NaN,NaN,1,1,1,1,1,1,1
clean_rapid_retargets,evaluation,clean,RAW,0,0.143,2.101,1958,217.930224268878,217.930224268878,0,0,194.295347318638,150.175311710189,150.175311710189,53.8809395980676,48.1280373828949,3000,3316.12557878923,3316125.57878923,5.27233405794476,5.27233405794476,2750,0.251,2.499,4,1,0,1,0,1,1,1,1,1,1,NaN,0.251,0.501,0,0,NaN,NaN,NaN,1,1,0,0,0,0,0
clean_rapid_retargets,evaluation,clean,GOVERNED,1,0.143,2.101,1958,63.1243984681946,9.28153210210874,59.8982888838762,0,51.005186041519,0.0830945369059844,0.112146903727165,9.2004064998467,9.20026499866755,3000,8.88039805968277,161.121608192594,0.177882016043322,0.177882016043322,0,NaN,0,0,0,0,1,1,1,1,1,1,1,1,NaN,NaN,NaN,0,0,NaN,NaN,NaN,1,1,1,1,1,1,1
clean_known_positive_load,evaluation,clean,RAW,0,1.213,2.013,800,164.3998474716,164.3998474716,0,0,165.916097036541,288.533439201401,284.32598332399,40.2354909661663,37.0360327780637,3000,2094.3951023932,2094395.1023932,3.73602614941094,3.73602614941094,1772,1.229,1.521,4,1,0,1,0,1,1,1,1,1,1,NaN,1.229,1.479,0,0,NaN,NaN,NaN,1,1,0,0,0,0,0
clean_known_positive_load,evaluation,clean,GOVERNED,1,1.213,2.013,800,57.1997400328616,10.185312726014,50.3353860652276,0,33.6555391286785,0.0274410962971074,0.0372161420280906,8.97975818244564,8.97972851158002,3000,8.77596823591136,100.0085238827,0.191600583394536,0.223644708345313,0,NaN,0,0,0,0,1,1,1,1,1,1,1,1,NaN,NaN,NaN,0,0,NaN,NaN,NaN,1,1,1,1,1,1,1
clean_known_negative_load,evaluation,clean,RAW,0,1.157,1.957,800,209.290763878682,209.290763878682,0,0,198.485272656326,314.170438028311,311.012337920352,51.2777082649944,45.8999147999887,3000,2530.72741539178,2530727.41539178,4.56014396101324,4.56014396101324,1831,1.17,1.58,4,1,0,1,0,1,1,1,1,1,1,NaN,1.17,1.42,0,0,NaN,NaN,NaN,1,1,0,0,0,0,0
clean_known_negative_load,evaluation,clean,GOVERNED,1,1.157,1.957,800,72.2753509669142,11.5354250938967,64.4188934293348,0,42.3351129189437,0.0280914775410691,0.0381144537540351,9.69392721005923,9.69379432129841,3000,9.21335551557423,100.017102477423,0.174344176256137,0.198819649668991,0,NaN,0,0,0,0,1,1,1,1,1,1,1,1,NaN,NaN,NaN,0,0,NaN,NaN,NaN,1,1,1,1,1,1,1
clean_new_noise_reversal,evaluation,clean,RAW,0,1.239,2.039,800,204.725836844597,204.725836844597,0,0,165.11293021549,223.442544695964,223.442544695964,53.0368052825181,47.4728148616527,3000,2617.99387799149,2617993.87799149,4.79514782079688,4.79514782079688,1749,1.252,1.498,4,1,0,1,0,1,1,1,1,1,1,NaN,1.252,1.502,0,0,NaN,NaN,NaN,1,1,0,0,0,0,0
clean_new_noise_reversal,evaluation,clean,GOVERNED,1,1.239,2.039,800,75.2285061693949,11.6826631669219,67.3507765225991,0,43.4288106665516,0.047472712445369,0.0644600191153343,9.79505783029602,9.99294619537754,3000,9.27419980009514,100.00720585901,0.122841341395113,0.123310615538018,0,NaN,0,0,0,0,1,1,1,1,1,1,1,1,NaN,NaN,NaN,0,0,NaN,NaN,NaN,1,1,1,1,1,1,1
clean_permitted_delay_jitter,evaluation,clean,RAW,0,1.087,1.887,800,144.258345857667,144.258345857667,0,99.0259877547239,121.785155873593,154.771652074855,154.771652074855,52.6457433015555,47.1781143639867,2506,3141.59265358979,3141592.65358979,5.75230333007062,5.75230333007062,1927,0.206,1.653,4,1,0,1,0,1,1,1,1,1,1,0.613,0.206,1.347,1,1,1.111,1.111,1.347,1,1,0,0,0,0,0
clean_permitted_delay_jitter,evaluation,clean,GOVERNED,1,1.087,1.887,800,94.7645371877437,13.0328638165071,85.6753553852356,0,53.1743308224205,0.0291931044698482,0.0396238837242919,10.2993405291072,10.2993743757673,2506,9.57378083489702,100.041885976676,0.122609895019577,0.123291966749982,0,NaN,0,0,0,0,1,1,1,1,1,1,1,1,0.613,NaN,NaN,0,0,NaN,NaN,NaN,1,1,1,1,1,1,1
fault_count_jump_reversal,evaluation,fault,RAW,0,0.997,1.527,530,141.767805872763,141.767805872763,0,0,128.646187198271,162.468021209368,162.468021209368,40.2511663415208,37.052471956072,3000,2094.3951023932,2094395.1023932,3.83586287582471,3.83586287582471,1988,1.013,1.737,4,1,0,1,0,1,1,1,1,1,1,1.027,1.013,1.263,1,1,1.027,1.027,1.263,1,0,0,0,0,0,0
fault_count_jump_reversal,evaluation,fault,GOVERNED,1,0.997,1.527,530,73.3186402209426,15.4006458068066,61.8356194856357,4.90936864847272,32.9747388844139,0.00751455524976485,0.0102200654226331,9.36045642137853,195.949510165778,3000,8.77574259942854,100.026959328758,0.175896835704518,0.175896835704518,1,1.027,0,0,0,0,1,1,1,1,1,1,1,1,1.027,1.027,NaN,0,0,1.027,1.027,NaN,1,1,0,1,0,1,1
fault_out_of_range,evaluation,fault,RAW,0,0.823,1.223,400,0.996094092288001,0.996094092288001,0,0.179824875851026,7.58770253968985,1.99642148186925e-05,2.72572216618345e-05,20.0592036452734,3999.84745931123,3000,1221.73047639603,1221730.47639603,0.00214184207823205,2.23779693534323,1,0.823,0,0,0,0,1,0,1,1,1,1,1,1,0.823,0.823,NaN,0,0,0.823,0.823,NaN,1,1,0,0,0,1,0
fault_out_of_range,evaluation,fault,GOVERNED,1,0.823,1.223,400,2.12409842954757,2.17992293685573,0.0632170046549091,0.27612978809974,15.4090095383942,4.77391169731557e-05,6.51736625808234e-05,6.53447399815813,3999.82159942906,3000,7.06577278474785,100,0.00166691263331754,0.123291966749982,1,0.823,0,0,0,0,1,1,1,1,1,1,1,1,0.823,0.823,NaN,0,0,0.823,0.823,NaN,1,1,0,1,0,1,1
fault_moving_freeze,evaluation,fault,RAW,0,0.231,0.831,600,90.7107835631429,90.7107835631429,0,44.2934840034299,91.7481284543855,96.105736998749,96.105736998749,28.1831777774763,27.5638816731707,3000,1658.06278939461,1658062.78939461,0.384088259971108,3.03701012653724,2826,0.175,2.575,4,1,0,1,0,1,1,1,1,1,1,0.231,0.175,0.425,1,1,0.231,0.231,0.425,1,0,0,0,0,0,0
fault_moving_freeze,evaluation,fault,GOVERNED,1,0.231,0.831,600,40.0958205370946,14.5331826900479,27.8505198474593,9.96683486821483,23.601352324536,2.67323724094197e-05,3.64908040356856e-05,5.67920069939433,5.67918203657014,3000,8.09538540234978,100,0.123848404482221,0.123848404482221,148,0.233,0,0,0,0,1,1,1,1,1,1,1,1,0.231,0.233,NaN,0,0,0.233,0.233,NaN,1,1,0,1,1,1,1
fault_short_packet_gap,evaluation,fault,RAW,0,0.547,1.057,510,2.55406389889579,2.55406389889579,0,0.443805122033442,33.4890051561263,0.0338149489266979,0.0461124633333635,30.8916648454997,29.6269020894391,2890,1745.32925199433,1745329.25199433,0.00226471993148917,3.196582481837,200,0.567,0,0,0,0,1,0,1,1,1,1,1,1,0.547,0.567,NaN,0,0,0.567,0.567,NaN,1,1,0,0,0,1,0
fault_short_packet_gap,evaluation,fault,GOVERNED,1,0.547,1.057,510,3.12979078185733,3.5546410162289,0.602005310597403,0.465369625226223,26.9755798631682,0.0176245798986774,0.0239240554733665,8.20053719726977,8.20035382583129,2890,8.26000611147205,100.005494790611,0.014955238271242,0.123291966749982,90,0.567,0,0,0,0,1,1,1,1,1,1,1,1,0.547,0.567,NaN,0,0,0.567,0.567,NaN,1,1,0,1,1,1,1
fault_long_packet_gap,evaluation,fault,RAW,0,0.611,2.4,1789,1.06428412654719,1.06428412654719,0,0.792910995409509,3.85287835958419,0.0125821328409415,0.0170192869086457,10.0296018226367,10.0286576896575,2610,610.865238198015,610865.238198015,0.00271682720735731,1.11889846767161,370,0.631,1.139,0,1,1,1,0,1,1,1,1,1,1,0.611,0.631,0.861,0,0,0.631,0.631,0.861,1,1,0,1,1,1,0
fault_long_packet_gap,evaluation,fault,GOVERNED,1,0.611,2.4,1789,1.74290790164412,1.78483412496451,0.0977509663796957,1.39079867199605,7.05953383192187,0.0225049282180289,0.0304414070848787,3.70801462862857,3.70807075069493,2610,4.58314924033146,100,0.00483673429313738,0.116105361707013,370,0.631,1.139,0,1,1,1,1,1,1,1,1,1,1,0.611,0.631,0.861,0,0,0.631,0.631,0.861,1,1,0,1,1,1,1
fault_loaded_supply_interruption,evaluation,fault,RAW,0,0.873,2.4,1527,57.9832507843043,57.9832507843043,0,58.0036469803572,41.985370380577,1.25186015667907,1.69313295938509,11.596308085273,11.5949078798967,3000,698.131700797732,698131.700797732,0.232230210014905,1.3808066635398,0,NaN,1.127,0,1,1,1,0,1,1,1,1,1,1,0.873,0.873,0.873,0,0,NaN,0.873,0.873,1,1,0,1,1,0,0
fault_loaded_supply_interruption,evaluation,fault,GOVERNED,1,0.873,2.4,1527,57.4203113489834,57.4199915996296,0.00988459614853136,57.473606011588,42.2428915660958,1.24305020682,1.68121613551964,4.37960869747046,4.37959894498441,3000,5.03293041197525,100,0.231522997556524,0.231522997556524,0,NaN,1.127,0,1,1,1,1,1,1,1,1,1,1,0.873,0.873,0.873,0,0,NaN,0.873,0.873,1,1,0,1,1,0,1
fault_persistent_bias,evaluation,fault,RAW,0,0.687,1.287,600,0.919947748158824,0.919947748158824,0,0.383728295487875,4.37439597321442,0.70115349984236,0.70115349984236,11.4624020830134,87.1306299672333,3000,698.131700797732,698131.700797732,0.00194624984726262,1.27874110591042,2314,0.687,2.063,4,1,0,1,0,1,1,1,1,1,1,0.687,0.687,0.937,0,0,0.687,0.687,0.937,1,1,0,1,0,0,0
fault_persistent_bias,evaluation,fault,GOVERNED,1,0.687,1.287,600,1.65086234084732,1.69896850467818,0.0670399289709337,0.727004007680297,8.16955640749204,1.41981290218016,1.41981290218016,4.17655121077743,87.1962272095482,3000,5.03293041197525,100,0.00266521163794462,0.121050761908938,2314,0.687,2.063,4,1,0,1,1,1,1,1,1,1,1,0.687,0.687,0.937,0,0,0.687,0.687,0.937,1,1,0,1,0,0,1
fault_excessive_delay,evaluation,fault,RAW,0,0.733,1.533,800,61.5295154460466,61.5295154460466,0,101.441452919111,62.4420306634026,1.39607175600399,1.88840366421407,18.6264033848967,18.6246499950783,2600,1919.86217719376,1919862.17719376,0.00267612336833492,2.07795429710443,380,0.753,1.017,0,1,1,1,0,1,1,1,1,1,1,0.733,0.753,0.983,0,0,0.753,0.753,0.983,1,1,0,1,1,0,0
fault_excessive_delay,evaluation,fault,GOVERNED,1,0.733,1.533,800,62.2306824621064,25.1149220871289,44.434621220653,17.802759446919,64.2875500782749,1.40727585067389,1.90365515923211,6.1954514428592,6.1952604571005,2600,8.54661660482603,100.00248662001,0.00424118624199697,0.123291966749982,380,0.753,1.017,0,1,1,1,1,1,1,1,1,1,1,0.733,0.753,0.983,0,0,0.753,0.753,0.983,1,1,0,1,1,0,1
diagnostic_unknown_load,diagnostic,diagnostic,RAW,0,1.173,1.973,800,170.34861678135,170.34861678135,0,0,144.173145779977,200.138320180279,199.611295170149,44.3751870959567,40.4784101595242,3000,2268.92802759263,2268928.02759263,4.14314096703306,4.14314096703306,1813,1.188,1.562,4,1,0,1,0,1,1,1,1,1,1,NaN,1.188,1.438,0,0,NaN,NaN,NaN,0,1,0,0,0,0,1
diagnostic_unknown_load,diagnostic,diagnostic,GOVERNED,1,1.173,1.973,800,63.0231513454028,10.7362935380308,55.8522001967212,0,36.0781606917034,0.235683162151702,0.244296696475045,9.29983472886281,9.29978148585969,3000,8.96816184759,100.013264439314,0.110392575390431,0.135865578174695,0,NaN,0,0,0,0,1,1,1,1,1,1,1,1,NaN,NaN,NaN,0,0,NaN,NaN,NaN,0,1,1,1,1,1,1
diagnostic_model_mismatch,diagnostic,diagnostic,RAW,0,1.293,2.093,800,279.650798934831,279.650798934831,0,0,223.132596233002,279.650798934831,279.650798934831,27.5948210648978,23.6650423241818,3000,2617.99387799149,2617993.87799149,4.89848688474287e-13,2.39540996757568,2780,0.221,2.529,4,1,0,1,0,1,1,1,1,1,1,NaN,0.221,0.471,0,0,NaN,NaN,NaN,0,1,0,0,1,0,1
diagnostic_model_mismatch,diagnostic,diagnostic,GOVERNED,1,1.293,2.093,800,75.6338255345907,12.3393619253199,67.35095578704,0,43.1045676095005,0.063609406938198,0.085027237599868,9.96416637357632,9.9639920652608,3000,9.27420992592232,100.005810632409,0.13947919281213,0.139799091014255,0,NaN,0,0,0,0,1,1,1,1,1,1,1,1,NaN,NaN,NaN,0,0,NaN,NaN,NaN,0,1,1,1,1,1,1
