Context,ActiveRMSE_deg,ActivePeak_deg,PostPeak_deg,PrePeak_rad,ActiveMeasurementPeak_deg,ActiveCommandDelta_V,ReceiverPeak_V,EquivalentErrorPeak_deg,MarginExceededSamples,CommonModeExceededSamples,TerminationPole_Hz,RecoveryTime_s,RecoveryCensored,ActiveSaturatedSamples,PostSaturatedSamples,MaxMeasurementAge_samples,NominalTrajectoryChange_deg,NominalCommandChange_V,NominalReceiverChange_V,Grid,FirstParameter,SecondParameter,FirstValue,SecondValue
physical_only,0.000349711937564453,0.00113979093440958,0.00109034461434355,0,0.059716547994495,0.00281679443850706,0.0586268381820742,0.0586268381820742,0,0,13262911.9243246,2.22044604925031e-16,0,0,0,0,0.111321257134641,0.0292834913510041,0.01,1,ground_conversion,angle_sensitivity,0,1
physical_only,0.000517139198302147,0.00168547454845522,0.00161235542502645,0,0.0883063013799863,0.00416535628675653,0.0586268381820742,0.0866948846731146,0,0,13262911.9243246,2.22044604925031e-16,0,0,0,0,0.111289461482258,0.0279596646586882,0.01,1,ground_conversion,angle_sensitivity,0,1.47875763662831
physical_only,0.000764723538685782,0.0024924083598504,0.00238428289770493,0,0.130583617528025,0.00615955241831762,0.0586268381820742,0.128200722766979,0,0,13262911.9243246,2.22044604925031e-16,0,0,0,0,0.111242443418494,0.0260020458278555,0.01,1,ground_conversion,angle_sensitivity,0,2.18672414788656
physical_only,0.00113084077272957,0.00368566789570493,0.00352577654282656,0,0.193101521638102,0.00910848517679911,0.0586268381820742,0.18957779781294,0,0,13262911.9243246,2.22044604925031e-16,0,0,0,0,0.11117291509772,0.0231072020321549,0.01,1,ground_conversion,angle_sensitivity,0,3.23363503288679
physical_only,0.00167223942849265,0.00545020954686737,0.00521376898776397,0,0.285550349766903,0.0134692420133078,0.0586268381820742,0.280339616251063,0,0,13262911.9243246,2.22044604925031e-16,0,0,0,0,0.111070099562328,0.0188264296624145,0.01,1,ground_conversion,angle_sensitivity,0,4.78176249895018
physical_only,0.00247283682514973,0.00805953898864322,0.00770990070625361,0,0.422259760359681,0.0199177444867733,0.0586268381820742,0.414554348380711,0,0,13262911.9243246,2.22044604925031e-16,0,0,0,0,0.110918060304281,0.0124962048299946,0.01,1,ground_conversion,angle_sensitivity,0,7.07106781186547
physical_only,0.00349711937567065,0.0113979093442421,0.0109034461433146,0,0.597165479945097,0.0281679443850777,0.0586268381820742,0.586268381820742,0,0,13262911.9243246,2.22044604925031e-16,0,0,0,0,0.11073218231246,0.00470811067156434,0.01,1,ground_conversion,angle_sensitivity,0,10
physical_only,0.00365672633933508,0.0119181048272027,0.0114010745470476,0,0.624419845272754,0.0294535167642289,0.0586268381820742,0.61302540846545,0,0,13262911.9243246,2.22044604925031e-16,0,0,0,0,0.110737938138903,0.00588942257993934,0.01,1,ground_conversion,angle_sensitivity,0,10.4563955259127
physical_only,0.00540741199933959,0.0176239885273252,0.0168594260522099,0,0.923365614659327,0.0435546128406624,0.0586268381820742,0.906516004215476,0,0,13262911.9243246,2.22044604925031e-16,0,0,0,0,0.111033206898759,0.0197269309234842,0.01,1,ground_conversion,angle_sensitivity,0,15.4624747355496
physical_only,0.00799625178841471,0.0260616076226397,0.0249310050238061,0,1.36543395407747,0.0644067163485193,0.0586268381820742,1.34051746395942,0,0,13262911.9243246,2.22044604925031e-16,0,0,0,0,0.111485747649827,0.0405289734220679,0.01,1,ground_conversion,angle_sensitivity,0,22.8652525963663
physical_only,0.0118245183965214,0.0385388012947793,0.0368669140678256,0,2.01914588690366,0.0952419236505264,0.0586268381820742,1.98230043686361,0,0,13262911.9243246,2.22044604925031e-16,0,0,0,0,0.11215494574133,0.071290152624316,0.01,1,ground_conversion,angle_sensitivity,0,33.8121668903121
physical_only,0.0174855968783062,0.0569895467211722,0.054517230716662,0,2.98582739972544,0.140839721925387,0.0586268381820742,2.93134190910371,0,0,13262911.9243246,0.0450000000000002,0,0,0,0,0.113144527529593,0.116778481281333,0.01,1,ground_conversion,angle_sensitivity,0,50
physical_only,0.00391433977069634,0.00560565041209695,0.00242669087193919,0,0.0641468790421324,0.00298499559486738,0.0635028146598498,0.0635028146598498,0,0,13262911.9243246,2.22044604925031e-16,0,0,0,0,0.105785080054033,0.029063624896714,0.005,1,ground_conversion,angle_sensitivity,0.05,1
physical_only,0.00578835982826654,0.00828939835510624,0.00358848765854823,0,0.0948576872494223,0.00441408503121275,0.0635028146598498,0.0939052721256454,0,0,13262911.9243246,2.22044604925031e-16,0,0,0,0,0.103102797346651,0.0276345354603687,0.005,1,ground_conversion,angle_sensitivity,0.05,1.47875763662831
physical_only,0.0085595812996048,0.0122580111206597,0.00530650352902559,0,0.140271529412952,0.00652736194863087,0.0635028146598498,0.138863138275458,0,0,13262911.9243246,2.22044604925031e-16,0,0,0,0,0.0991363513094903,0.0255212585429506,0.005,1,ground_conversion,angle_sensitivity,0.05,2.18672414788656
physical_only,0.012657546213131,0.018126627554595,0.00784703261738733,0,0.207427595320962,0.00965238632857562,0.0635028146598498,0.205344926171007,0,0,13262911.9243246,2.22044604925031e-16,0,0,0,0,0.0932709389417171,0.0223962341630058,0.005,1,ground_conversion,angle_sensitivity,0.05,3.23363503288679
physical_only,0.0187174431236576,0.0268048889226946,0.0116038594078736,0,0.306735140628381,0.0142735399950705,0.0635028146598498,0.303655377718254,0,0,13262911.9243246,2.22044604925031e-16,0,0,0,0,0.0845974156109023,0.017775080496511,0.005,1,ground_conversion,angle_sensitivity,0.05,4.78176249895018
physical_only,0.0276785619572611,0.0396379341934114,0.0171592957137245,0,0.453586931626466,0.0211071062694296,0.0635028146598498,0.449032708704123,0,0,13262911.9243246,2.22044604925031e-16,0,0,0,0,0.0717713767490181,0.0109415142221519,0.005,1,ground_conversion,angle_sensitivity,0.05,7.07106781186547
physical_only,0.0391433977069415,0.0560565041207341,0.0242669087191247,0,0.641468790421343,0.0298499559486775,0.0635028146598498,0.635028146598498,0,0,13262911.9243246,2.22044604925031e-16,0,0,0,0,0.0553660911562045,0.00235405533578108,0.005,1,ground_conversion,angle_sensitivity,0.05,10
physical_only,0.04092988486519,0.0586148978886578,0.0253744395758574,0,0.670745139017449,0.0312122945830446,0.0635028146598498,0.664010547092119,0,0,13262911.9243246,2.22044604925031e-16,0,0,0,0,0.052851406832266,0.00345961244625416,0.005,1,ground_conversion,angle_sensitivity,0.05,10.4563955259127
physical_only,0.0605253798106948,0.0866772278729621,0.0375226462979305,0,0.991869496553299,0.0461554189713669,0.0635028146598498,0.981910667314216,0,0,13262911.9243246,2.22044604925031e-16,0,0,0,0,0.0254489664888162,0.0163428119636194,0.005,1,ground_conversion,angle_sensitivity,0.05,15.4624747355496
physical_only,0.0895023676049231,0.128174612638956,0.0554868997596042,0,1.46673459256692,0.0682526782756901,0.0635028146598498,1.4520078977777,0,0,13262911.9243246,0.00200000000000022,0,0,0,0,0.0212936144064719,0.0362040577841086,0.005,1,ground_conversion,angle_sensitivity,0.05,22.8652525963663
physical_only,0.132352309592104,0.189539187261744,0.0820516767523445,0,2.16894497966527,0.100929169220513,0.0635028146598498,2.1471677672834,0,0,13262911.9243246,0.00800000000000001,0,0,0,0,0.0781499119358305,0.0688805487289317,0.005,1,ground_conversion,angle_sensitivity,0.05,33.8121668903121
physical_only,0.195716988534712,0.280282520603626,0.121334543595681,0,3.20734395210663,0.149249779743383,0.0635028146598498,3.17514073299249,0,0,13262911.9243246,0.012,0,0,0,0,0.168893245277712,0.117201159251802,0.005,1,ground_conversion,angle_sensitivity,0.05,50
physical_only,0.00769303883452448,0.0111389275326003,0.00484150685454971,0,0.0696491326881113,0.00320486204915777,0.0685028146598498,0.0685028146598498,0,0,13262911.9243246,2.22044604925031e-16,0,0,0,0,0.100250347793314,0.0288437584424237,0,1,ground_conversion,angle_sensitivity,0.1,1
physical_only,0.0113761399254241,0.0164717741526849,0.00715941523395755,0,0.102994186847118,0.00473921422953368,0.0685028146598498,0.101299060308787,0,0,13262911.9243246,2.22044604925031e-16,0,0,0,0,0.0949175011732289,0.0273094062620478,0,1,ground_conversion,angle_sensitivity,0.1,1.47875763662831
physical_only,0.0168225537900761,0.0243577618170808,0.010587039951035,0,0.15230344032849,0.00700814923353978,0.0685028146598498,0.149796759014891,0,0,13262911.9243246,2.22044604925031e-16,0,0,0,0,0.0870315135088331,0.0250404712580417,0,1,ground_conversion,angle_sensitivity,0.1,2.18672414788656
physical_only,0.0248764798846672,0.0360192262982025,0.0156556661768723,0,0.225219875470506,0.0103633541977274,0.0685028146598498,0.221513101335441,0,0,13262911.9243246,2.22044604925031e-16,0,0,0,0,0.0753700490277113,0.0216852662938541,0,1,ground_conversion,angle_sensitivity,0.1,3.23363503288679
physical_only,0.0367862846018926,0.0532637059538991,0.0231509359155726,0,0.33304561077251,0.0153248891609743,0.0685028146598498,0.327564190213005,0,0,13262911.9243246,2.22044604925031e-16,0,0,0,0,0.0581255693720148,0.0167237313306071,0,1,ground_conversion,angle_sensitivity,0.1,4.78176249895018
physical_only,0.0543979992782199,0.0787641119344373,0.034234623280264,0,0.492493740275399,0.0226617968772735,0.0685028146598498,0.48438804776345,0,0,13262911.9243246,2.22044604925031e-16,0,0,0,0,0.0326251633914766,0.00938682361430794,0,1,ground_conversion,angle_sensitivity,0.1,7.07106781186547
physical_only,0.0769303883452085,0.111389275325914,0.0484150685456752,0,0.696491326881247,0.0320486204915814,0.0685028146598498,0.685028146598498,0,0,13262911.9243246,2.22044604925031e-16,0,0,0,0,0,0,0,1,ground_conversion,angle_sensitivity,0.1,10
physical_only,0.0804414568499688,0.116473032015257,0.0506247106127668,0,0.728278879423799,0.0335113051919843,0.0685028146598498,0.716292524721682,0,0,13262911.9243246,0.00100000000000011,0,0,0,0,0.00508375668934267,0.00146268470040282,0,1,ground_conversion,angle_sensitivity,0.1,10.4563955259127
physical_only,0.118953418618393,0.172235385553808,0.0748616774207366,0,1.07694795454307,0.0495550984660297,0.0685028146598498,1.05922304099196,0,0,13262911.9243246,0.00900000000000012,0,0,0,0,0.0608461102278938,0.0175064779744482,0,1,ground_conversion,angle_sensitivity,0.1,15.4624747355496
physical_only,0.175903276184978,0.254694391685336,0.110702277176755,0,1.59254501203183,0.0732799802905095,0.0685028146598498,1.56633416075953,0,0,13262911.9243246,0.0150000000000001,0,0,0,0,0.143305116359423,0.0412313597989281,0,1,ground_conversion,angle_sensitivity,0.1,22.8652525963663
physical_only,0.260118312966493,0.376631276711127,0.163701837767256,0,2.35498809821646,0.108363330466566,0.0685028146598498,2.31622860173496,0,0,13262911.9243246,0.0210000000000001,0,0,0,0,0.265242001385213,0.0763147099749849,0,1,ground_conversion,angle_sensitivity,0.1,33.8121668903121
physical_only,0.384651941726067,0.556946376629601,0.242075342728433,0,3.4824566344063,0.160243102457909,0.0685028146598498,3.42514073299249,0,0,13262911.9243246,0.026,0,0,0,0,0.445557101303687,0.128194481966328,0,1,ground_conversion,angle_sensitivity,0.1,50
physical_only,0.0114762655270109,0.0166749440776493,0.00725632283721112,0,0.0751513863341284,0.003424728503449,0.0735028146598498,0.0735028146598498,0,0,13262911.9243246,2.22044604925031e-16,0,0,0,0,0.0947170706727721,0.0286238919881324,0.005,1,ground_conversion,angle_sensitivity,0.15,1
physical_only,0.0169706152880297,0.0246582008951512,0.0107303428093669,0,0.111130686444781,0.00506434342785345,0.0735028146598498,0.108692848491928,0,0,13262911.9243246,2.22044604925031e-16,0,0,0,0,0.0867351253756821,0.026984277063728,0.005,1,ground_conversion,angle_sensitivity,0.15,1.47875763662831
physical_only,0.0250954269554644,0.0364635028792312,0.0158675763730062,0,0.164335351243984,0.00748893651844761,0.0735028146598498,0.160730379754324,0,0,13262911.9243246,2.22044604925031e-16,0,0,0,0,0.0749317628124501,0.0245596839731338,0.005,1,ground_conversion,angle_sensitivity,0.15,2.18672414788656
physical_only,0.0371100542548312,0.0539206833408766,0.0234642997363828,0,0.24301215562003,0.0110743220668781,0.0735028146598498,0.237681276499875,0,0,13262911.9243246,2.22044604925031e-16,0,0,0,0,0.057477450284142,0.0209742984247034,0.005,1,ground_conversion,angle_sensitivity,0.15,3.23363503288679
physical_only,0.0548767761250281,0.0797356222625308,0.0346980124233034,0,0.359356080916633,0.0163762383268778,0.0735028146598498,0.351473002707756,0,0,13262911.9243246,2.22044604925031e-16,0,0,0,0,0.031666752340823,0.0156723821647037,0.005,1,ground_conversion,angle_sensitivity,0.15,4.78176249895018
physical_only,0.0811494517684386,0.117909660332018,0.0513099508467906,0,0.531400548924287,0.0242164874851157,0.0735028146598498,0.519743386822778,0,0,13262911.9243246,0.00100000000000011,0,0,0,0,0.00689408645545462,0.00849591494396312,0.005,1,ground_conversion,angle_sensitivity,0.15,7.07106781186547
physical_only,0.114762655270053,0.166749440776334,0.0725632283722511,0,0.75151386334122,0.0342472850344881,0.0735028146598498,0.735028146598498,0,0,13262911.9243246,0.00900000000000012,0,0,0,0,0.0553660911562999,0.00235405533578517,0.005,1,ground_conversion,angle_sensitivity,0.15,10
physical_only,0.12000037151077,0.174359810648161,0.0758749816497208,0,0.785812619830192,0.0358103158009258,0.0735028146598498,0.768574502351246,0,0,13262911.9243246,0.01,0,0,0,0,0.0629728550239145,0.00385615510781036,0.005,1,ground_conversion,angle_sensitivity,0.15,10.4563955259127
physical_only,0.177451465769774,0.257835901517065,0.11220070854353,0,1.16202641253285,0.0529547779606922,0.0735028146598498,1.13653541466971,0,0,13262911.9243246,0.018,0,0,0,0,0.146448231546535,0.0209061574691107,0.005,1,ground_conversion,angle_sensitivity,0.15,15.4624747355496
physical_only,0.262407710137948,0.381276808365315,0.165917654593861,0,1.71835543149676,0.0783072823053305,0.0735028146598498,1.68066042374136,0,0,13262911.9243246,0.0250000000000001,0,0,0,0,0.269889138394785,0.046258661813749,0.005,1,ground_conversion,angle_sensitivity,0.15,22.8652525963663
physical_only,0.388037405276632,0.563815992039488,0.245351998782187,0,2.54103121676759,0.115797491712617,0.0735028146598498,2.48528943618652,0,0,13262911.9243246,0.0310000000000001,0,0,0,0,0.452428322068958,0.0837488712210358,0.005,1,ground_conversion,angle_sensitivity,0.15,33.8121668903121
physical_only,0.573813276350254,0.833747203881564,0.362816141861192,0,3.757569316706,0.171236425172436,0.0735028146598498,3.67514073299249,0,0,13262911.9243246,0.036,0,0,0,0,0.722359533911033,0.139187804680854,0.005,1,ground_conversion,angle_sensitivity,0.15,50
physical_only,0.0152606529234859,0.0222111211582317,0.00967113881986617,0,0.0806536399801327,0.0036445949577402,0.0785028146598498,0.0785028146598498,0,0,13262911.9243246,2.22044604925031e-16,0,0,0,0,0.0891837935522687,0.0284040255338412,0.01,1,ground_conversion,angle_sensitivity,0.2,1
physical_only,0.0225668070505399,0.0328448650308157,0.0143012703847635,0,0.119267186042483,0.00538947262617447,0.0785028146598498,0.11608663667507,0,0,13262911.9243246,2.22044604925031e-16,0,0,0,0,0.078552749578097,0.026659147865407,0.01,1,ground_conversion,angle_sensitivity,0.2,1.47875763662831
physical_only,0.0333708382602971,0.0485695949883299,0.021148112795022,0,0.176367262159503,0.00796972380335532,0.0785028146598498,0.171664000493756,0,0,13262911.9243246,2.22044604925031e-16,0,0,0,0,0.0628320121160162,0.0240788966882261,0.01,1,ground_conversion,angle_sensitivity,0.2,2.18672414788656
physical_only,0.049347381918102,0.0718226594968796,0.0312729332958678,0,0.260804435769548,0.0117852899360288,0.0785028146598498,0.253849451664309,0,0,13262911.9243246,2.22044604925031e-16,0,0,0,0,0.0395848515405535,0.0202633305555527,0.01,1,ground_conversion,angle_sensitivity,0.2,3.23363503288679
physical_only,0.0729728178590181,0.106208306213963,0.0462450889310152,0,0.38566655106073,0.0174275874927801,0.0785028146598498,0.375381815202507,0,0,13262911.9243246,2.22044604925031e-16,0,0,0,0,0.00778470190934482,0.0146210329988013,0.01,1,ground_conversion,angle_sensitivity,0.2,4.78176249895018
physical_only,0.107909111675305,0.157056343887268,0.0683852784133428,0,0.570307357573175,0.0257711780929573,0.0785028146598498,0.555098725882105,0,0,13262911.9243246,0.00800000000000001,0,0,0,0,0.0460321919603107,0.0100434896406319,0.01,1,ground_conversion,angle_sensitivity,0.2,7.07106781186547
physical_only,0.152606529234844,0.222111211582088,0.0967113881987952,0,0.806536399801142,0.0364459495773927,0.0785028146598498,0.785028146598498,0,0,13262911.9243246,0.016,0,0,0,0,0.110732182312543,0.00470811067156806,0.01,1,ground_conversion,angle_sensitivity,0.2,10
physical_only,0.159571422951622,0.232248267904215,0.101125252686687,0,0.843346360236656,0.038109326409869,0.0785028146598498,0.82085647998081,0,0,13262911.9243246,0.0170000000000001,0,0,0,0,0.120863721535866,0.00627668070032195,0.01,1,ground_conversion,angle_sensitivity,0.2,10.4563955259127
physical_only,0.235967460277377,0.343438899756984,0.149539739666349,0,1.2471048705226,0.0563544574553542,0.0785028146598498,1.21384778834746,0,0,13262911.9243246,0.0250000000000001,0,0,0,0,0.232051229786454,0.0243414031831693,0.01,1,ground_conversion,angle_sensitivity,0.2,15.4624747355496
physical_only,0.348938683880941,0.507862895730875,0.22113303201105,0,1.84416585096166,0.0833345843201499,0.0785028146598498,1.79498668672319,0,0,13262911.9243246,0.032,0,0,0,0,0.396475225760345,0.0512859638285685,0.01,1,ground_conversion,angle_sensitivity,0.2,22.8652525963663
physical_only,0.51599574350398,0.751006135422217,0.327002159797118,0,2.72707433531871,0.123231652958668,0.0785028146598498,2.65435027063808,0,0,13262911.9243246,0.038,0,0,0,0,0.639618465451687,0.0911830324670862,0.01,1,ground_conversion,angle_sensitivity,0.2,33.8121668903121
physical_only,0.763032646174217,1.11055605791038,0.483556940993963,0,4.03268199900569,0.182229747886962,0.0785028146598498,3.92514073299249,0,0,13262911.9243246,0.0430000000000001,0,0,0,0,0.99916838793985,0.15018112739538,0.01,1,ground_conversion,angle_sensitivity,0.2,50
physical_only,0.0190455091326864,0.0277472982387694,0.0120859548025212,0,0.0861558936260861,0.00386446141202909,0.0835028146598498,0.0835028146598498,0,0,13262911.9243246,2.22044604925031e-16,0,0,0,0,0.0836505164317717,0.0281841590795523,0.015,1,ground_conversion,angle_sensitivity,0.25,1
physical_only,0.0281636920734627,0.0410315291664166,0.0178721979601791,0,0.127403685640152,0.00571460182449495,0.0835028146598498,0.123480424858212,0,0,13262911.9243246,2.22044604925031e-16,0,0,0,0,0.0703703737805819,0.0263340186670865,0.015,1,ground_conversion,angle_sensitivity,0.25,1.47875763662831
physical_only,0.0416472747292627,0.0606756870973714,0.0264286492169486,0,0.188399173074978,0.00845051108826236,0.0835028146598498,0.182597621233189,0,0,13262911.9243246,2.22044604925031e-16,0,0,0,0,0.0507322614196586,0.0235981094033191,0.015,1,ground_conversion,angle_sensitivity,0.25,2.18672414788656
physical_only,0.0615862255506424,0.0897246356529018,0.0390815668553719,0,0.27859671591904,0.0124962578051781,0.0835028146598498,0.270017626828743,0,0,13262911.9243246,2.22044604925031e-16,0,0,0,0,0.0216922527969842,0.0195523626864033,0.015,1,ground_conversion,angle_sensitivity,0.25,3.23363503288679
physical_only,0.0910711013441522,0.132680990165427,0.0577921654387651,0,0.411977021204884,0.0184789366586848,0.0835028146598498,0.399290627697258,0,0,13262911.9243246,0.00500000000000012,0,0,0,0,0.0219541334495822,0.0155188973774995,0.015,1,ground_conversion,angle_sensitivity,0.25,4.78176249895018
physical_only,0.134672086588801,0.196203027442499,0.0854606059798695,0,0.609214166222082,0.0273258687008003,0.0835028146598498,0.590454064941433,0,0,13262911.9243246,0.014,0,0,0,0,0.0851702974651223,0.0115910643373017,0.015,1,ground_conversion,angle_sensitivity,0.25,7.07106781186547
physical_only,0.190455091326956,0.277472982387834,0.120859548025333,0,0.861558936261065,0.0386446141202973,0.0835028146598498,0.835028146598498,0,0,13262911.9243246,0.022,0,0,0,0,0.166098273468785,0.00706216600735081,0.015,1,ground_conversion,angle_sensitivity,0.25,10
physical_only,0.199147376483861,0.290136725160168,0.126375523723552,0,0.900880100643025,0.04040833701881,0.0835028146598498,0.873138457610374,0,0,13262911.9243246,0.0230000000000001,0,0,0,0,0.178754588047722,0.00869720629283354,0.015,1,ground_conversion,angle_sensitivity,0.25,10.4563955259127
physical_only,0.294490703790006,0.429041897996967,0.18687877078918,0,1.3321833285124,0.059754136950017,0.0835028146598498,1.29116016202521,0,0,13262911.9243246,0.03,0,0,0,0,0.317654228026437,0.0279207738877504,0.015,1,ground_conversion,angle_sensitivity,0.25,15.4624747355496
physical_only,0.435480377145503,0.634448983096511,0.276348409428194,0,1.96997627042661,0.0883618863349705,0.0835028146598498,1.90931294970503,0,0,13262911.9243246,0.0370000000000001,0,0,0,0,0.523061313125981,0.0563477712719741,0.015,1,ground_conversion,angle_sensitivity,0.25,22.8652525963663
physical_only,0.643969933305682,0.938196278804958,0.408652320812011,0,2.91311745386986,0.130665814204719,0.0835028146598498,2.82341110508964,0,0,13262911.9243246,0.044,0,0,0,0,0.826808608834428,0.0986171937131377,0.015,1,ground_conversion,angle_sensitivity,0.25,33.8121668903121
physical_only,0.952275456634821,1.38736491193917,0.60429774012669,0,4.30779468130534,0.193223070601487,0.0835028146598498,4.17514073299249,0,0,13262911.9243246,0.05,0,0,0,0,1.27597724196864,0.161174450109905,0.015,1,ground_conversion,angle_sensitivity,0.25,50
physical_only,0.0228306009965584,0.0332834753193645,0.0145007707851763,0,0.0916581472721159,0.00408432786632101,0.0885028146598498,0.0885028146598498,0,0,13262911.9243246,2.22044604925031e-16,0,0,0,0,0.0781172393112366,0.0279642926252604,0.02,1,ground_conversion,angle_sensitivity,0.3,1
physical_only,0.0337609255724786,0.0492181933020492,0.0214431255356012,0,0.135540185237841,0.00603973102281572,0.0885028146598498,0.130874213041353,0,0,13262911.9243246,2.22044604925031e-16,0,0,0,0,0.062187997983016,0.0260088894687657,0.02,1,ground_conversion,angle_sensitivity,0.3,1.47875763662831
physical_only,0.0499242265099306,0.0727817792064384,0.0317091856389453,0,0.200431083990459,0.00893129837316911,0.0885028146598498,0.193531241972622,0,0,13262911.9243246,2.22044604925031e-16,0,0,0,0,0.0386325107232756,0.0231173221184123,0.02,1,ground_conversion,angle_sensitivity,0.3,2.18672414788656
physical_only,0.0738258312043196,0.107626611808892,0.0468902004148569,0,0.296388996068545,0.0132072256743285,0.0885028146598498,0.286185801993177,0,0,13262911.9243246,2.22044604925031e-16,0,0,0,0,0.00884063326923064,0.018989586812956,0.02,1,ground_conversion,angle_sensitivity,0.3,3.23363503288679
physical_only,0.109170511673846,0.159153674116872,0.0693392419464513,0,0.438287491348988,0.0195302858245878,0.0885028146598498,0.423199440192009,0,0,13262911.9243246,0.00900000000000012,0,0,0,0,0.0484210165515812,0.01656543445588,0.02,1,ground_conversion,angle_sensitivity,0.3,4.78176249895018
physical_only,0.161436727832304,0.235349710997736,0.102535933546352,0,0.648120974870963,0.028880559308642,0.0885028146598498,0.62580940400076,0,0,13262911.9243246,0.0190000000000001,0,0,0,0,0.124308402969966,0.0131813593661162,0.02,1,ground_conversion,angle_sensitivity,0.3,7.07106781186547
physical_only,0.228306009965581,0.332834753193568,0.145007707851896,0,0.916581472720987,0.040843278663202,0.0885028146598498,0.885028146598498,0,0,13262911.9243246,0.026,0,0,0,0,0.221464364625015,0.00941622134313307,0.02,1,ground_conversion,angle_sensitivity,0.3,10
physical_only,0.238725794114306,0.348025182416152,0.151625794760532,0,0.958413841049399,0.0427073476277502,0.0885028146598498,0.925420435239937,0,0,13262911.9243246,0.0270000000000001,0,0,0,0,0.236645454559603,0.0111177318853454,0.02,1,ground_conversion,angle_sensitivity,0.3,10.4563955259127
physical_only,0.353017591106701,0.514644896236873,0.224217801911999,0,1.41726178650213,0.0631538164446777,0.0885028146598498,1.36847253570296,0,0,13262911.9243246,0.0350000000000001,0,0,0,0,0.403257226266343,0.0315001445923313,0.02,1,ground_conversion,angle_sensitivity,0.3,15.4624747355496
physical_only,0.522027458713169,0.761035070462072,0.331563786845338,0,2.09578668989152,0.093389188349791,0.0885028146598498,2.02363921268686,0,0,13262911.9243246,0.042,0,0,0,0,0.649647400491541,0.0616407930356967,0.02,1,ground_conversion,angle_sensitivity,0.3,22.8652525963663
physical_only,0.771952091101759,1.12538642218774,0.490302481826974,0,3.09916057242104,0.138099975450772,0.0885028146598498,2.9924719395412,0,0,13262911.9243246,0.0490000000000002,0,0,0,0,1.01399875221721,0.106211507094253,0.02,1,ground_conversion,angle_sensitivity,0.3,33.8121668903121
physical_only,1.14153004982793,1.66417376596796,0.725038539259456,0,4.58290736360501,0.204216393316013,0.0885028146598498,4.42514073299249,0,0,13262911.9243246,0.0550000000000002,0,0,0,0,1.55278609599743,0.172167772824431,0.02,1,ground_conversion,angle_sensitivity,0.3,50
physical_only,0.0266158279764612,0.0388196523999722,0.0169155867678313,0,0.0971604009181139,0.00430419432061152,0.0935028146598498,0.0935028146598498,0,0,13262911.9243246,2.22044604925031e-16,0,0,0,0,0.072583962190676,0.0277444261709699,0.025,1,ground_conversion,angle_sensitivity,0.35,1
physical_only,0.0393583588753747,0.0574048574376756,0.0250140531110105,0,0.143676684835518,0.00636486022113598,0.0935028146598498,0.138268001224495,0,0,13262911.9243246,2.22044604925031e-16,0,0,0,0,0.0540056221854754,0.0256837602704455,0.025,1,ground_conversion,angle_sensitivity,0.35,1.47875763662831
physical_only,0.0582014737521175,0.0848878713155117,0.0369897220608911,0,0.212462994905947,0.0094120856580766,0.0935028146598498,0.204464862712055,0,0,13262911.9243246,2.22044604925031e-16,0,0,0,0,0.0265327600268799,0.0226365348335048,0.025,1,ground_conversion,angle_sensitivity,0.35,2.18672414788656
physical_only,0.0860658737739527,0.125528587964883,0.0546988339743228,0,0.314181276218063,0.0139181935434795,0.0935028146598498,0.302353977157611,0,0,13262911.9243246,0.00300000000000011,0,0,0,0,0.0150007304327653,0.0195904957569925,0.025,1,ground_conversion,angle_sensitivity,0.35,3.23363503288679
physical_only,0.127270568096331,0.185626358068273,0.0808863184541694,0,0.464597961493073,0.0205816349904899,0.0935028146598498,0.447108252686759,0,0,13262911.9243246,0.0130000000000001,0,0,0,0,0.0748878996535421,0.0176119715342596,0.025,1,ground_conversion,angle_sensitivity,0.35,4.78176249895018
physical_only,0.188202324490472,0.274496394552967,0.119611261112916,0,0.68702778351987,0.0304352499164849,0.0935028146598498,0.661164743060087,0,0,13262911.9243246,0.0230000000000001,0,0,0,0,0.16344650847479,0.014824502281154,0.025,1,ground_conversion,angle_sensitivity,0.35,7.07106781186547
physical_only,0.266158279764573,0.388196523999341,0.169155867678453,0,0.971604009180942,0.043041943206108,0.0935028146598498,0.935028146598498,0,0,13262911.9243246,0.03,0,0,0,0,0.276830455781283,0.011770276678917,0.025,1,ground_conversion,angle_sensitivity,0.35,10
physical_only,0.278305624571495,0.405913639672162,0.17687606579746,0,1.01594758145582,0.045006358236693,0.0935028146598498,0.977702412869501,0,0,13262911.9243246,0.0310000000000001,0,0,0,0,0.294536321071516,0.0135382574778573,0.025,1,ground_conversion,angle_sensitivity,0.35,10.4563955259127
physical_only,0.41154656765169,0.600247894476793,0.261556833034825,0,1.50234024449187,0.0665534959393394,0.0935028146598498,1.4457849093807,0,0,13262911.9243246,0.0390000000000001,0,0,0,0,0.488860224506262,0.0350795152969124,0.025,1,ground_conversion,angle_sensitivity,0.35,15.4624747355496
physical_only,0.608577629743109,0.887621157827632,0.386779164262514,0,2.2215971093564,0.0984164903646093,0.0935028146598498,2.13796547566869,0,0,13262911.9243246,0.046,0,0,0,0,0.776233487857101,0.0669338147994193,0.025,1,ground_conversion,angle_sensitivity,0.35,22.8652525963663
physical_only,0.899938817463796,1.31257656557051,0.571952642841885,0,3.28520369097219,0.145534136696824,0.0935028146598498,3.16153277399276,0,0,13262911.9243246,0.0530000000000002,0,0,0,0,1.20118889559998,0.114038603448197,0.025,1,ground_conversion,angle_sensitivity,0.35,33.8121668903121
physical_only,1.33079139882284,1.94098261999673,0.845779338392189,0,4.85802004590466,0.215209716030537,0.0935028146598498,4.67514073299249,0,0,13262911.9243246,0.0590000000000002,0,0,0,0,1.8295949500262,0.18369516938434,0.025,1,ground_conversion,angle_sensitivity,0.35,50
physical_only,0.0304011396027886,0.0443558294805164,0.0193304027504927,0,0.102662654564067,0.00453450734207826,0.0985028146598498,0.0985028146598498,0,0,13262911.9243246,2.22044604925031e-16,0,0,0,0,0.0670506850701917,0.0275245597166811,0.03,1,ground_conversion,angle_sensitivity,0.4,1
physical_only,0.0449559173498268,0.0655915215732892,0.028584980686388,0,0.151813184433175,0.00670543736044548,0.0985028146598498,0.145661789407636,0,0,13262911.9243246,2.22044604925031e-16,0,0,0,0,0.045823246387954,0.0253586310721258,0.03,1,ground_conversion,angle_sensitivity,0.4,1.47875763662831
physical_only,0.0664789060926931,0.0969939634245723,0.0422702584828623,0,0.224494905821415,0.00991571670369176,0.0985028146598498,0.215398483451487,0,0,13262911.9243246,2.22044604925031e-16,0,0,0,0,0.0156203661736362,0.0221557475485989,0.03,1,ground_conversion,angle_sensitivity,0.4,2.18672414788656
physical_only,0.0983061900592763,0.143430564120949,0.0625074675338014,0,0.3319735563676,0.0146629417982272,0.0985028146598498,0.318522152322045,0,0,13262911.9243246,0.00700000000000012,0,0,0,0,0.0328987838030658,0.0202982094840142,0.03,1,ground_conversion,angle_sensitivity,0.4,3.23363503288679
physical_only,0.145371029277988,0.212099042019724,0.0924333949619511,0,0.490908431637202,0.0216829371595651,0.0985028146598498,0.47101706518151,0,0,13262911.9243246,0.0170000000000001,0,0,0,0,0.10135478275556,0.01865850861264,0.03,1,ground_conversion,angle_sensitivity,0.4,4.78176249895018
physical_only,0.214968519689341,0.313643078108294,0.136686588679456,0,0.72593459216886,0.0320638089092385,0.0985028146598498,0.696520082119415,0,0,13262911.9243246,0.026,0,0,0,0,0.202584613979703,0.0164676451961951,0.03,1,ground_conversion,angle_sensitivity,0.4,7.07106781186547
physical_only,0.304011396027931,0.443558294805107,0.193304027504972,0,1.02662654564087,0.0453450734207844,0.0985028146598498,0.985028146598498,0,0,13262911.9243246,0.0330000000000001,0,0,0,0,0.332196546937539,0.0141243320147006,0.03,1,ground_conversion,angle_sensitivity,0.4,10
physical_only,0.31788634012529,0.463802096928166,0.20212633683437,0,1.07348132186223,0.0474146022839272,0.0985028146598498,1.02998439049906,0,0,13262911.9243246,0.034,0,0,0,0,0.352427187583423,0.0159787165908424,0.03,1,ground_conversion,angle_sensitivity,0.4,10.4563955259127
physical_only,0.470076853040102,0.685850892716744,0.298895864157561,0,1.58741870248164,0.0701147052150515,0.0985028146598498,1.52309728305845,0,0,13262911.9243246,0.042,0,0,0,0,0.574464313064301,0.0386588860014932,0.03,1,ground_conversion,angle_sensitivity,0.4,15.4624747355496
physical_only,0.695129736235252,1.01420724519327,0.441994541679658,0,2.34740752882136,0.1036826557767,0.0985028146598498,2.25229173865052,0,0,13262911.9243246,0.0490000000000002,0,0,0,0,0.902819575222738,0.0722268365631422,0.03,1,ground_conversion,angle_sensitivity,0.4,22.8652525963663
physical_only,1.02792840590529,1.49976670895325,0.653602803856816,0,3.47124680952336,0.153321519015701,0.0985028146598498,3.33059360844432,0,0,13262911.9243246,0.056,0,0,0,0,1.38837903898272,0.121865699802142,0.03,1,ground_conversion,angle_sensitivity,0.4,33.8121668903121
physical_only,1.52005698013963,2.21779147402554,0.966520137524954,0,5.13313272820434,0.226725367103921,0.0985028146598498,4.92514073299249,0,0,13262911.9243246,0.0630000000000002,0,0,0,0,2.10640380405501,0.195269547890362,0.03,1,ground_conversion,angle_sensitivity,0.4,50
physical_only,0.0341865077580615,0.0498920065610732,0.0217452187331541,0,0.108164908210053,0.00476599491219883,0.10350281465985,0.10350281465985,0,0,13262911.9243246,2.22044604925031e-16,0,0,0,0,0.061517407949682,0.0273046932623909,0.035,1,ground_conversion,angle_sensitivity,0.45,1
physical_only,0.0505535594168922,0.0737781857089155,0.0321559082617655,0,0.159949684030844,0.00704775137254592,0.10350281465985,0.153055577590778,0,0,13262911.9243246,2.22044604925031e-16,0,0,0,0,0.0376408705903817,0.0250335018738056,0.035,1,ground_conversion,angle_sensitivity,0.45,1.47875763662831
physical_only,0.0747564620464744,0.109100055533633,0.0475507949048781,0,0.236526816736903,0.0104219161632099,0.10350281465985,0.22633210419092,0,0,13262911.9243246,2.22044604925031e-16,0,0,0,0,0.00944805485846658,0.0219710743474217,0.035,1,ground_conversion,angle_sensitivity,0.45,2.18672414788656
physical_only,0.110546689138547,0.161332540276952,0.0703161010932864,0,0.349765836517098,0.0154114881146466,0.10350281465985,0.334690327486478,0,0,13262911.9243246,0.01,0,0,0,0,0.0507968371732582,0.0210059232110356,0.035,1,ground_conversion,angle_sensitivity,0.45,3.23363503288679
physical_only,0.163471760767609,0.238571725971188,0.103980471469682,0,0.517218901781363,0.0227898557413398,0.10350281465985,0.494925877676261,0,0,13262911.9243246,0.02,0,0,0,0,0.127821665857578,0.0197050456910207,0.035,1,ground_conversion,angle_sensitivity,0.45,4.78176249895018
physical_only,0.241735114608168,0.352789761663474,0.153761916245983,0,0.764841400817653,0.0337006732151637,0.10350281465985,0.731875421178742,0,0,13262911.9243246,0.0290000000000001,0,0,0,0,0.241722719484489,0.0181107881112296,0.035,1,ground_conversion,angle_sensitivity,0.45,7.07106781186547
physical_only,0.341865077580689,0.498920065610892,0.217452187331529,0,1.08164908210081,0.0476599491219883,0.10350281465985,1.0350281465985,0,0,13262911.9243246,0.036,0,0,0,0,0.38756263809382,0.0164783873504846,0.035,1,ground_conversion,angle_sensitivity,0.45,10
physical_only,0.357467646768056,0.521690554184138,0.227376607871355,0,1.13101506226863,0.0498351278764388,0.10350281465985,1.08226636812863,0,0,13262911.9243246,0.0370000000000001,0,0,0,0,0.410318054095285,0.0184312513430037,0.035,1,ground_conversion,angle_sensitivity,0.45,10.4563955259127
physical_only,0.528608012505799,0.771453890956701,0.336234895280405,0,1.67249716047143,0.0736940759196327,0.10350281465985,1.6004096567362,0,0,13262911.9243246,0.0450000000000002,0,0,0,0,0.660070874009818,0.0422382567060744,0.035,1,ground_conversion,angle_sensitivity,0.45,15.4624747355496
physical_only,0.781683135275865,1.14079333255878,0.49720991909679,0,2.47321794828625,0.108975677540423,0.10350281465985,2.36661800163235,0,0,13262911.9243246,0.052,0,0,0,0,1.02940566258825,0.0775198583268648,0.035,1,ground_conversion,angle_sensitivity,0.45,22.8652525963663
physical_only,1.15591990571276,1.686956852336,0.735252964871779,0,3.65728992807451,0.161148615369646,0.10350281465985,3.49965444289588,0,0,13262911.9243246,0.0590000000000002,0,0,0,0,1.57556918236547,0.129692796156088,0.035,1,ground_conversion,angle_sensitivity,0.45,33.8121668903121
physical_only,1.70932538790343,2.49460032805434,1.08726093665769,0,5.40824541050401,0.238299745609942,0.10350281465985,5.17514073299249,0,0,13262911.9243246,0.0660000000000001,0,0,0,0,2.38321265808381,0.206843926396384,0.035,1,ground_conversion,angle_sensitivity,0.45,50
physical_only,0.0379719155364088,0.0554281836416746,0.0241600347158473,0,0.113667161856082,0.00499748248231911,0.10850281465985,0.10850281465985,0,0,13262911.9243246,2.22044604925031e-16,0,0,0,0,0.0559841308291532,0.0270848268080986,0.04,1,ground_conversion,angle_sensitivity,0.5,1
physical_only,0.0561512600768637,0.0819648498445482,0.0357268358371939,0,0.168086183628546,0.00739006538464606,0.10850281465985,0.160449365773919,0,0,13262911.9243246,2.22044604925031e-16,0,0,0,0,0.0294584947928411,0.0247083726754841,0.04,1,ground_conversion,angle_sensitivity,0.5,1.47875763662831
physical_only,0.0830341046449746,0.121206147642738,0.0528313313268302,0,0.248558727652429,0.0109281156227277,0.10850281465985,0.237265724930353,0,0,13262911.9243246,0.00200000000000022,0,0,0,0,0.0108127492811698,0.0223642196602207,0.04,1,ground_conversion,angle_sensitivity,0.5,2.18672414788656
physical_only,0.12278731634435,0.179234516432949,0.0781247346527714,0,0.367558116666578,0.0161600344310654,0.10850281465985,0.350858502650912,0,0,13262911.9243246,0.0130000000000001,0,0,0,0,0.0686948905434888,0.0217136369380577,0.04,1,ground_conversion,angle_sensitivity,0.5,3.23363503288679
physical_only,0.181572681725314,0.265044409922646,0.115527547977381,0,0.543529371925485,0.023896774323115,0.10850281465985,0.518834690171012,0,0,13262911.9243246,0.0230000000000001,0,0,0,0,0.154288548959596,0.0207515827694009,0.04,1,ground_conversion,angle_sensitivity,0.5,4.78176249895018
physical_only,0.268501989704382,0.391936445218736,0.170837243812503,0,0.803748209466598,0.0353375375210893,0.10850281465985,0.767230760238069,0,0,13262911.9243246,0.032,0,0,0,0,0.280860824989333,0.0197539310262687,0.04,1,ground_conversion,angle_sensitivity,0.5,7.07106781186547
physical_only,0.379719155364112,0.554281836416651,0.241600347158111,0,1.13667161856075,0.0499748248231929,0.10850281465985,1.0850281465985,0,0,13262911.9243246,0.0390000000000001,0,0,0,0,0.442928729250062,0.0188324426862673,0.04,1,ground_conversion,angle_sensitivity,0.5,10
physical_only,0.397049367725259,0.579579011440167,0.252626878908271,0,1.18854880267506,0.0522556534689506,0.10850281465985,1.13454834575819,0,0,13262911.9243246,0.04,0,0,0,0,0.468209283464997,0.020883786095165,0.04,1,ground_conversion,angle_sensitivity,0.5,10.4563955259127
physical_only,0.587139784642179,0.857056889196633,0.373573926403198,0,1.75757561846119,0.0772734466242135,0.10850281465985,1.67772203041395,0,0,13262911.9243246,0.048,0,0,0,0,0.745677434955315,0.0458176274106552,0.04,1,ground_conversion,angle_sensitivity,0.5,15.4624747355496
physical_only,0.86823744030791,1.26737941992438,0.552425296513985,0,2.59902836775117,0.114268699304146,0.10850281465985,2.48094426461418,0,0,13262911.9243246,0.0550000000000002,0,0,0,0,1.15599174995385,0.082812880090588,0.04,1,ground_conversion,angle_sensitivity,0.5,22.8652525963663
physical_only,1.28391274526197,1.87414699571876,0.816903125886665,0,3.84333304662567,0.168975711723591,0.10850281465985,3.66871527734744,0,0,13262911.9243246,0.0620000000000001,0,0,0,0,1.76275932574823,0.137519892510032,0.04,1,ground_conversion,angle_sensitivity,0.5,33.8121668903121
physical_only,1.89859577682054,2.77140918208313,1.20800173579047,0,5.68335809280367,0.249874124115964,0.10850281465985,5.42514073299249,0,0,13262911.9243246,0.0690000000000002,0,0,0,0,2.6600215121126,0.218418304902406,0.04,1,ground_conversion,angle_sensitivity,0.5,50
physical_only,0.0771274284028824,0.111943444169192,0.0481161379145279,0,1.14841260736127,0.0533779449258694,0.115389407747871,1.15389407747871,0,0,13262911.9243246,2.22044604925031e-16,0,0,0,0,0.00260300535585689,0.0265427398482988,0.0562166178764857,2,return_inductance,current_rise,2,50
physical_only,0.076846352956941,0.111672454947675,0.0481790953460486,0,0.91228225422922,0.0421911903536393,0.0917802540794317,0.917802540794317,0,0,13262911.9243246,2.22044604925031e-16,0,0,0,0,0.000983880433647322,0.0161946053171084,0.0342210600088565,2,return_inductance,current_rise,2,65.9753955386447
physical_only,0.0766380951445078,0.111467083521492,0.0482268081570357,0,0.738416537415075,0.0337132157383317,0.0738878614111598,0.738878614111598,0,0,13262911.9243246,2.22044604925031e-16,0,0,0,0,0.00257948872912812,0.00989129978051091,0.0207819522167202,2,return_inductance,current_rise,2,87.0550563296124
physical_only,0.0764830206869915,0.111311441085022,0.0482629677060078,0,0.606650963753351,0.0274702549762353,0.0603279634202556,0.603279634202556,0,0,13262911.9243246,2.22044604925031e-16,0,0,0,0,0.00390967819093293,0.00840626214231699,0.0175382565914982,2,return_inductance,current_rise,2,114.869835499704
physical_only,0.0763670887266772,0.11119348617533,0.0482903715197882,0,0.506791332306003,0.0227821584866807,0.0500514824077534,0.500514824077534,0,0,13262911.9243246,2.22044604925031e-16,0,0,0,0,0.00498734973622189,0.0103443012557784,0.0215622929435532,2,return_inductance,current_rise,2,151.57165665104
physical_only,0.0762801476672852,0.111104093069926,0.048311139726981,0,0.431111883450705,0.0194300363733833,0.0425748851540393,0.425748851540393,0,0,13262911.9243246,2.22044604925031e-16,0,0,0,0,0.0058456357040937,0.0129562447303326,0.0269866771221027,2,return_inductance,current_rise,2,200
physical_only,0.076214788311202,0.111036345764511,0.0483268790848946,0,0.378495784589373,0.0170341340580982,0.037103019582961,0.37103019582961,0,0,13262911.9243246,2.22044604925031e-16,0,0,0,0,0.00649609483417815,0.0153101982858056,0.0317927440257216,2,return_inductance,current_rise,2,263.901582154579
physical_only,0.0761655601876205,0.110985002907982,0.0483388072876223,0,0.33961896743874,0.0152183796425908,0.0329561209350606,0.329561209350606,0,0,13262911.9243246,2.22044604925031e-16,0,0,0,0,0.00698905067389036,0.017147256130215,0.0356768881035931,2,return_inductance,current_rise,2,348.22022531845
physical_only,0.0761284277750894,0.110946427428478,0.0483478471748669,0,0.310155849534516,0.0138590948863338,0.0298837675796854,0.298837675796854,0,0,13262911.9243246,2.22044604925031e-16,0,0,0,0,0.00736264134027801,0.0185394856344194,0.0386894552149203,2,return_inductance,current_rise,2,459.479341998814
physical_only,0.0761003876348955,0.110928830230117,0.0483546981282691,0,0.287826981580266,0.0129157908306125,0.0278390074097651,0.278390074097651,0,0,13262911.9243246,2.22044604925031e-16,0,0,0,0,0.00764577012136269,0.0195945982963738,0.0410712230425116,2,return_inductance,current_rise,2,606.286626604159
physical_only,0.076079195238071,0.110915494047573,0.0483598901801166,0,0.27090486404544,0.0122009000383553,0.0262893689777207,0.262893689777207,0,0,13262911.9243246,2.22044604925031e-16,0,0,0,0,0.0078603416132877,0.0204896801232361,0.0428762655194425,2,return_inductance,current_rise,2,800
physical_only,0.0772732243685827,0.112003783994426,0.0481382520103412,0,1.19441054948584,0.0552836036419779,0.120334449569588,1.20334449569588,0,0,13262911.9243246,2.22044604925031e-16,0,0,0,0,0.00373684279355893,0.028194313013818,0.059456622545607,2,return_inductance,current_rise,2.95751527325663,50
physical_only,0.0769541489751162,0.111718183984076,0.0481958546967548,0,0.952229802916006,0.0437175919143014,0.095527894985063,0.95527894985063,0,0,13262911.9243246,2.22044604925031e-16,0,0,0,0,0.00109461174774761,0.0169923042757718,0.0359240353174958,2,return_inductance,current_rise,2.95751527325663,65.9753955386447
physical_only,0.0767182242052691,0.111501739650471,0.0482395093697882,0,0.768691118083053,0.0350953373660289,0.0767280421141587,0.767280421141587,0,0,13262911.9243246,2.22044604925031e-16,0,0,0,0,0.0019016358829137,0.00983814584409162,0.0206574455962364,2,return_inductance,current_rise,2.95751527325663,87.0550563296124
physical_only,0.0765428412786216,0.11133770551943,0.0482725934253188,0,0.629594805484668,0.0285608903362873,0.0624804178919649,0.624804178919649,0,0,13262911.9243246,2.22044604925031e-16,0,0,0,0,0.00337618273788814,0.00761308499495735,0.0157784010724356,2,return_inductance,current_rise,2.95751527325663,114.869835499704
physical_only,0.0764119009408653,0.111213390894476,0.0482976664508513,0,0.524179512811725,0.0236087055283044,0.051682737858468,0.51682737858468,0,0,13262911.9243246,2.22044604925031e-16,0,0,0,0,0.00457703515545343,0.00948686539391405,0.0197127613912279,2,return_inductance,current_rise,2.95751527325663,151.57165665104
physical_only,0.07631380709949,0.111119178026233,0.048316668250955,0,0.444289660077769,0.0201012856522753,0.0439541289599134,0.439541289599134,0,0,13262911.9243246,2.22044604925031e-16,0,0,0,0,0.00553467540027026,0.0122670334962579,0.0255511129266105,2,return_inductance,current_rise,2.95751527325663,200
physical_only,0.0762401234415271,0.11104777802364,0.0483310689225314,0,0.389247550102377,0.0175428458842355,0.0381482909258711,0.381482909258711,0,0,13262911.9243246,2.22044604925031e-16,0,0,0,0,0.00626043099220776,0.014790698228293,0.0307176538386787,2,return_inductance,current_rise,2.95751527325663,263.901582154579
physical_only,0.0761846604723983,0.110993666940219,0.0483419825908136,0,0.347767281992352,0.0156039111138175,0.0337482884805343,0.337482884805343,0,0,13262911.9243246,2.22044604925031e-16,0,0,0,0,0.00681045087917216,0.0167535487084773,0.0348621221000962,2,return_inductance,current_rise,2.95751527325663,348.22022531845
physical_only,0.0761428454542173,0.110953601180649,0.0483502536046819,0,0.316331117213537,0.0141495113104067,0.0305086331892021,0.305086331892021,0,0,13262911.9243246,2.22044604925031e-16,0,0,0,0,0.00722728800646683,0.018241111203676,0.0380891044788571,2,return_inductance,current_rise,2.95751527325663,459.479341998814
physical_only,0.0761112810463712,0.110934266917603,0.0483565218610714,0,0.292506959342127,0.013135885323189,0.0283125669878586,0.283125669878586,0,0,13262911.9243246,2.22044604925031e-16,0,0,0,0,0.00754319147615149,0.0193797405454997,0.0406162422643277,2,return_inductance,current_rise,2.95751527325663,606.286626604159
physical_only,0.0760874318426083,0.110919614286251,0.0483612723111069,0,0.274451623957713,0.0123677004726537,0.0266482600265937,0.266482600265937,0,0,13262911.9243246,2.22044604925031e-16,0,0,0,0,0.00778260153736047,0.0203293753580094,0.0425314545679739,2,return_inductance,current_rise,2.95751527325663,800
physical_only,0.0774917901972101,0.112093011971785,0.0481709533984214,0,1.27235750076987,0.0587999327965524,0.127646967926898,1.27646967926898,0,0,13262911.9243246,2.22044604925031e-16,0,0,0,0,0.00554850940509671,0.0307846790294917,0.0648417662283888,2,return_inductance,current_rise,4.37344829577311,50
physical_only,0.077115280665316,0.111785806145733,0.0482206377145661,0,1.011302545601,0.0465256143345213,0.101069747593606,1.01069747593606,0,0,13262911.9243246,2.22044604925031e-16,0,0,0,0,0.00216036744400311,0.0185410436019996,0.0391483320667163,2,return_inductance,current_rise,4.37344829577311,65.9753955386447
physical_only,0.0768377174772435,0.111552987665906,0.0482582913851412,0,0.813459885441546,0.0372234204167608,0.0809279810181227,0.809279810181227,0,0,13262911.9243246,2.22044604925031e-16,0,0,0,0,0.000923130951843891,0.0101367131785097,0.0214156722370678,2,return_inductance,current_rise,4.37344829577311,87.0550563296124
physical_only,0.0766318809805058,0.111376544252416,0.0482868275312083,0,0.663523186658424,0.0301736757037392,0.0656633763794998,0.656633763794998,0,0,13262911.9243246,2.22044604925031e-16,0,0,0,0,0.00258727226268185,0.00653114171177784,0.0135870591304778,2,return_inductance,current_rise,4.37344829577311,114.869835499704
physical_only,0.076478502003731,0.111242825149958,0.0483084538859143,0,0.549892417521677,0.0248309682781403,0.0543062033755323,0.543062033755323,0,0,13262911.9243246,2.22044604925031e-16,0,0,0,0,0.00397027933563535,0.00822013394841193,0.0170210748149716,2,return_inductance,current_rise,4.37344829577311,151.57165665104
physical_only,0.0763637742314424,0.111141485020564,0.0483248435979751,0,0.46496028523688,0.0210939006495174,0.0459936962706221,0.459936962706221,0,0,13262911.9243246,2.22044604925031e-16,0,0,0,0,0.00507484047632566,0.0112478571206189,0.0234282614096564,2,return_inductance,current_rise,4.37344829577311,200
physical_only,0.0762776991398683,0.11106468356407,0.0483372646770001,0,0.405146805461948,0.0182951073819792,0.0396939939065482,0.396939939065482,0,0,13262911.9243246,2.22044604925031e-16,0,0,0,0,0.00591194128616443,0.0140224835510151,0.0291278560145248,2,return_inductance,current_rise,4.37344829577311,263.901582154579
physical_only,0.0762129691675303,0.111006478944095,0.0483466780946296,0,0.359816664364211,0.0161740187210571,0.0349197122878927,0.349197122878928,0,0,13262911.9243246,2.22044604925031e-16,0,0,0,0,0.00654634506880916,0.0161713508519835,0.0336572806503601,2,return_inductance,current_rise,4.37344829577311,348.22022531845
physical_only,0.0761642025310574,0.11096420942148,0.0483538121311638,0,0.325462841452146,0.0145789668153064,0.0314326579811414,0.314326579811414,0,0,13262911.9243246,2.22044604925031e-16,0,0,0,0,0.00702713323042626,0.0177998877356386,0.0372013312432482,2,return_inductance,current_rise,4.37344829577311,459.479341998814
physical_only,0.0761274109390878,0.11094230646081,0.0483592187198594,0,0.299427512196767,0.0134613517348671,0.0290128468303629,0.290128468303629,0,0,13262911.9243246,2.22044604925031e-16,0,0,0,0,0.00739150252117789,0.0190669486937698,0.0399434359640693,2,return_inductance,current_rise,4.37344829577311,606.286626604159
physical_only,0.0760996239596586,0.110925707120655,0.0483633161478476,0,0.279696422263316,0.0126143578886652,0.0271789729058323,0.271789729058323,0,0,13262911.9243246,2.22044604925031e-16,0,0,0,0,0.00766764280637114,0.0200923234622414,0.0420215627402967,2,return_inductance,current_rise,4.37344829577311,800
physical_only,0.077821430603737,0.112224958524644,0.0482193108257777,0,1.38762215023296,0.0642790371218238,0.138460410290755,1.38460410290755,0,0,13262911.9243246,2.22044604925031e-16,0,0,0,0,0.00822752524195783,0.0352489637905562,0.073923967099316,2,return_inductance,current_rise,6.46727006577357,50
physical_only,0.0773573080709883,0.111885802933839,0.0482572857915085,0,1.09865681496319,0.0506779989322497,0.109264804459558,1.09264804459558,0,0,13262911.9243246,2.22044604925031e-16,0,0,0,0,0.00417366604704782,0.0214418951708292,0.0452883873389829,2,return_inductance,current_rise,6.46727006577357,65.9753955386447
physical_only,0.0770165990058924,0.111628771060032,0.048286065433743,0,0.87966204205535,0.0403703394794099,0.0871386727457319,0.871386727457319,0,0,13262911.9243246,2.22044604925031e-16,0,0,0,0,0.00113935788718917,0.0114963923678512,0.0243479993706801,2,return_inductance,current_rise,6.46727006577357,87.0550563296124
physical_only,0.076764811780185,0.111433977325363,0.048307876324028,0,0.713695039417535,0.0325585943821006,0.0705258280658206,0.705258280658206,0,0,13262911.9243246,2.22044604925031e-16,0,0,0,0,0.00145498382629685,0.00564064794699656,0.0118626376482209,2,return_inductance,current_rise,6.46727006577357,114.869835499704
physical_only,0.0765777186301921,0.11128635128004,0.0483244058879088,0,0.587915571721448,0.0267237530496458,0.0582858731934477,0.582858731934477,0,0,13262911.9243246,2.22044604925031e-16,0,0,0,0,0.00307604220982825,0.00634694514981793,0.0131218564255216,2,return_inductance,current_rise,6.46727006577357,151.57165665104
physical_only,0.0764380846531749,0.11117447165879,0.0483369329548094,0,0.49598342742472,0.0225617376569212,0.0490097220067499,0.490097220067499,0,0,13262911.9243246,2.22044604925031e-16,0,0,0,0,0.00439485607093715,0.00974074227207319,0.0202890785175324,2,return_inductance,current_rise,6.46727006577357,200
physical_only,0.0763335072349181,0.111089682761085,0.0483464266962532,0,0.428657950741628,0.0194075198165095,0.0419797139931837,0.419797139931837,0,0,13262911.9243246,2.22044604925031e-16,0,0,0,0,0.00539660947208034,0.0128864802304204,0.0267769303413621,2,return_inductance,current_rise,6.46727006577357,263.901582154579
physical_only,0.0762549706597921,0.111025424792606,0.0483536216067975,0,0.377634780563191,0.0170170696989604,0.0366519641887522,0.366519641887522,0,0,13262911.9243246,2.22044604925031e-16,0,0,0,0,0.00615579658486787,0.0153104213256647,0.0318756121556365,2,return_inductance,current_rise,6.46727006577357,348.22022531845
physical_only,0.0761958649236713,0.110979896438627,0.0483590743293815,0,0.338966448405565,0.0152140274227691,0.0327990666986554,0.327990666986554,0,0,13262911.9243246,2.22044604925031e-16,0,0,0,0,0.00673115282684785,0.0171474251628188,0.0358885297914973,2,return_inductance,current_rise,6.46727006577357,459.479341998814
physical_only,0.076151309419126,0.110954194996696,0.0483632067203103,0,0.309661332580255,0.0139426376766015,0.0300483909952431,0.300483909952431,0,0,13262911.9243246,2.22044604925031e-16,0,0,0,0,0.00716719132064324,0.0186044053543492,0.0389485185095904,2,return_inductance,current_rise,6.46727006577357,606.286626604159
physical_only,0.07611767975616,0.110934716946022,0.048366338487045,0,0.287452207810251,0.0129791044262231,0.0279637686288633,0.279637686288633,0,0,13262911.9243246,2.22044604925031e-16,0,0,0,0,0.00749764670502083,0.0197417811610966,0.0412675563062648,2,return_inductance,current_rise,6.46727006577357,800
physical_only,0.0783227716795001,0.112420075497381,0.0482908197407671,0,1.55807063085985,0.0723813044847044,0.154450870764549,1.54450870764549,0,0,13262911.9243246,2.22044604925031e-16,0,0,0,0,0.0121891403693126,0.0424612026204086,0.0889474698924214,2,return_inductance,current_rise,9.56352499790037,50
physical_only,0.0777233331191546,0.112033673947798,0.0483114794149664,0,1.22783260787451,0.0568183693663558,0.121507648698374,1.21507648698374,0,0,13262911.9243246,2.22044604925031e-16,0,0,0,0,0.00717600888638411,0.0267901993378936,0.0560034768701378,2,return_inductance,current_rise,9.56352499790037,65.9753955386447
physical_only,0.0772858534488136,0.111740836332798,0.0483271365202182,0,0.977558986709264,0.045023870075153,0.0969228682552591,0.969228682552591,0,0,13262911.9243246,2.22044604925031e-16,0,0,0,0,0.00337676566701132,0.01491379969332,0.0312975860724588,2,return_inductance,current_rise,9.56352499790037,87.0550563296124
physical_only,0.0769641302256592,0.111518906920616,0.0483390023871529,0,0.787887049828884,0.0360853110904661,0.0782910887544339,0.782910887544339,0,0,13262911.9243246,2.22044604925031e-16,0,0,0,0,0.000534527548630344,0.00641462076327244,0.0135937860430657,2,return_inductance,current_rise,9.56352499790037,114.869835499704
physical_only,0.0767260253148805,0.111350715877333,0.0483479950326774,0,0.645353286680423,0.0295878441758936,0.0641708403279492,0.641708403279492,0,0,13262911.9243246,2.22044604925031e-16,0,0,0,0,0.00176863846285452,0.00377355097532837,0.00785329290637412,2,return_inductance,current_rise,9.56352499790037,151.57165665104
physical_only,0.0765488898576211,0.111223250901956,0.0483548101835679,0,0.541859135847192,0.0247323128409449,0.0534696930963166,0.534696930963166,0,0,13262911.9243246,2.22044604925031e-16,0,0,0,0,0.00338932393870279,0.00751208468050996,0.0156469878430311,2,return_inductance,current_rise,9.56352499790037,200
physical_only,0.0764165634717998,0.11112665051458,0.0483599751020906,0,0.463425236369781,0.0210525081991492,0.0453597400264906,0.453597400264906,0,0,13262911.9243246,2.22044604925031e-16,0,0,0,0,0.00463455861659711,0.0112066066448561,0.0233004810490273,2,return_inductance,current_rise,9.56352499790037,263.901582154579
physical_only,0.0763173858451551,0.111053441110788,0.0483638893783718,0,0.403983455962792,0.0182637377706027,0.0392135449157121,0.392135449157121,0,0,13262911.9243246,2.22044604925031e-16,0,0,0,0,0.00557827003179103,0.0140373152140236,0.0292892697441377,2,return_inductance,current_rise,9.56352499790037,348.22022531845
physical_only,0.0762428616245301,0.11100309373502,0.0483668558451595,0,0.358935010309962,0.0161531281457765,0.0348196540244348,0.348196540244348,0,0,13262911.9243246,2.22044604925031e-16,0,0,0,0,0.00629346954480842,0.0162010994297074,0.0339472146193438,2,return_inductance,current_rise,9.56352499790037,459.479341998814
physical_only,0.0761867505759884,0.110971775259889,0.0483691040065089,0,0.324794672624167,0.0146543429383439,0.0315797098371254,0.315797098371254,0,0,13262911.9243246,2.22044604925031e-16,0,0,0,0,0.00683548941990317,0.0179204158589101,0.037477276725965,2,return_inductance,current_rise,9.56352499790037,606.286626604159
physical_only,0.0761444380489905,0.110948040294143,0.0483708077942521,0,0.298921134915894,0.0135184761540703,0.0291242912974886,0.291242912974886,0,0,13262911.9243246,2.22044604925031e-16,0,0,0,0,0.00724626367197814,0.0192234140563185,0.0401525635338731,2,return_inductance,current_rise,9.56352499790037,800
physical_only,0.0790938803703937,0.112739406363184,0.0483965640949119,0,1.81012262323852,0.0843625942215662,0.180328326209032,1.80328326209032,0,0,13262911.9243246,2.22044604925031e-16,0,0,0,0,0.0180474089922899,0.0542133246590196,0.11310133630874,2,return_inductance,current_rise,14.142135623731,50
physical_only,0.0782820994710852,0.112269077726181,0.0483916186496807,0,1.4188522981097,0.0658984890375188,0.141500605933394,1.41500605933394,0,0,13262911.9243246,2.22044604925031e-16,0,0,0,0,0.011615746287868,0.0354437386973756,0.0739823864779383,2,return_inductance,current_rise,14.142135623731,65.9753955386447
physical_only,0.0776942495117058,0.111912635272748,0.0483878707030829,0,1.12232484121882,0.0519053139808916,0.112074696502586,1.12074696502586,0,0,13262911.9243246,2.22044604925031e-16,0,0,0,0,0.00674145743221598,0.0212190525030737,0.0444004492703919,2,return_inductance,current_rise,14.142135623731,87.0550563296124
physical_only,0.0772648296327265,0.11164449720818,0.0483850302906654,0,0.900029291058005,0.0415832635844359,0.0897740272981305,0.897740272981305,0,0,13262911.9243246,2.22044604925031e-16,0,0,0,0,0.00304743724796971,0.0105554494307651,0.0221195779378147,2,return_inductance,current_rise,14.142135623731,114.869835499704
physical_only,0.0769487892192542,0.111445895517028,0.0483828776606156,0,0.734867455311104,0.03382314080083,0.0728732804194002,0.728732804194002,0,0,13262911.9243246,2.22044604925031e-16,0,0,0,0,0.000259601318899469,0.00280417900369608,0.00594040517438439,2,return_inductance,current_rise,14.142135623731,151.57165665104
physical_only,0.0767147423662227,0.111295383580333,0.0483812462720929,0,0.609698190012687,0.0279420674701967,0.0600649094041551,0.600649094041551,0,0,13262911.9243246,2.22044604925031e-16,0,0,0,0,0.00190238561932501,0.00421644024755732,0.00878246080819114,2,return_inductance,current_rise,14.142135623731,200
physical_only,0.0765405376131186,0.111181316862321,0.0483800099107645,0,0.514837625497245,0.0234850473321427,0.0503579793352458,0.503579793352458,0,0,13262911.9243246,2.22044604925031e-16,0,0,0,0,0.00350767009450734,0.00872248075163061,0.0181596551096361,2,return_inductance,current_rise,14.142135623731,263.901582154579
physical_only,0.0764103483515806,0.111094870455312,0.0483790729241007,0,0.442946760925023,0.0201072577018853,0.0430374214664288,0.430374214664288,0,0,13262911.9243246,2.22044604925031e-16,0,0,0,0,0.00472424823103622,0.0121714029004225,0.0255013126823059,2,return_inductance,current_rise,14.142135623731,348.22022531845
physical_only,0.07631274180628,0.111037396914208,0.0483783628210202,0,0.388463673718596,0.0175473718515022,0.0378076129629055,0.378076129629055,0,0,13262911.9243246,2.22044604925031e-16,0,0,0,0,0.00564624204903729,0.0148664769651876,0.0310764799834196,2,return_inductance,current_rise,14.142135623731,459.479341998814
physical_only,0.0762393802041825,0.110997772208364,0.0483778246635029,0,0.347173214781836,0.0157067825291734,0.0338441592686719,0.338441592686719,0,0,13262911.9243246,2.22044604925031e-16,0,0,0,0,0.00634498270108388,0.0169089611691552,0.0353016667031022,2,return_inductance,current_rise,14.142135623731,606.286626604159
physical_only,0.0761841340868527,0.11096774229689,0.0483774168163834,0,0.315880898457265,0.0143160762156065,0.0308404230561986,0.308404230561986,0,0,13262911.9243246,2.22044604925031e-16,0,0,0,0,0.00687452909215278,0.0184568747415517,0.0385037594569136,2,return_inductance,current_rise,14.142135623731,800
physical_only,0.0801307050904108,0.113165990116247,0.0485318531892664,0,2.13259738857304,0.0996914299900806,0.214079947231809,2.14079947231809,36,0,13262911.9243246,2.22044604925031e-16,0,0,0,0,0.0255957307491716,0.0699046641047661,0.14557713257196,2,return_inductance,current_rise,20,50
physical_only,0.0790267966650342,0.112592367756922,0.048494148610504,0,1.66863268899511,0.0777827063985426,0.167079551498796,1.67079551498796,0,0,13262911.9243246,2.22044604925031e-16,0,0,0,0,0.0173320051692372,0.0473355502717038,0.0985767368389467,2,return_inductance,current_rise,20,65.9753955386447
physical_only,0.078234279266691,0.112157643300476,0.0484655738831382,0,1.31735990697584,0.0612571883867236,0.13145991227626,1.3145991227626,0,0,13262911.9243246,2.22044604925031e-16,0,0,0,0,0.0110692722879693,0.0302313604075883,0.0629570976164104,2,return_inductance,current_rise,20,87.0550563296124
physical_only,0.0776597863219744,0.111828183770193,0.0484439182893131,0,1.05114491944042,0.048733187676383,0.104465273644899,1.04465273644899,0,0,13262911.9243246,2.22044604925031e-16,0,0,0,0,0.00632300829805645,0.0172688084406983,0.0359624589850495,2,return_inductance,current_rise,20,114.869835499704
physical_only,0.0772397510763382,0.111578500136154,0.0484275064181435,0,0.849391686010017,0.0392417699985574,0.0840071631546415,0.840071631546415,0,0,13262911.9243246,2.22044604925031e-16,0,0,0,0,0.00272601281878962,0.00744503106046496,0.0155043484947919,2,return_inductance,current_rise,20,151.57165665104
physical_only,0.0769303883452085,0.111389275325914,0.0484150685456752,0,0.696491326881247,0.0320486204915814,0.0685028146598498,0.685028146598498,0,0,13262911.9243246,2.22044604925031e-16,0,0,0,0,0,0,1.38777878078145e-17,2,return_inductance,current_rise,20,200
physical_only,0.076701148097359,0.111251256867643,0.0484056424009671,0,0.580614523202867,0.0265972325550287,0.0567527157265966,0.567527157265966,0,0,13262911.9243246,2.22044604925031e-16,0,0,0,0,0.00206593139496611,0.00564227845826603,0.0117500989332533,2,return_inductance,current_rise,20,263.901582154579
physical_only,0.0765304381534258,0.111147875067644,0.04839849871914,0,0.492796327698033,0.0224658530520733,0.0480816206080264,0.480816206080264,0,0,13262911.9243246,2.22044604925031e-16,0,0,0,0,0.00363161461528466,0.00991832592429449,0.0206550087388874,2,return_inductance,current_rise,20,348.22022531845
physical_only,0.0764028116646008,0.11108128432627,0.04839308482069,0,0.426242580814168,0.0193348528744881,0.0416304010647539,0.416304010647539,0,0,13262911.9243246,2.22044604925031e-16,0,0,0,0,0.00481818061276448,0.0131589639160174,0.0274036683967276,2,return_inductance,current_rise,20,459.479341998814
physical_only,0.0763070976972911,0.111031032647203,0.0483889818529199,0,0.375804272456613,0.0170532714296523,0.0367412908967871,0.367412908967871,0,0,13262911.9243246,2.22044604925031e-16,0,0,0,0,0.00571742948260504,0.0156149082610754,0.032518196019292,2,return_inductance,current_rise,20,606.286626604159
physical_only,0.076235141733326,0.11099294899592,0.0483858723847297,0,0.337579182674406,0.0153365239821458,0.0330360382582464,0.330360382582464,0,0,13262911.9243246,2.22044604925031e-16,0,0,0,0,0.00639893268725951,0.017476166026191,0.03639428314299,2,return_inductance,current_rise,20,800
physical_only,0.0802972221650566,0.11323246175296,0.0485529343660931,0,2.18623743386974,0.102147842738047,0.219339232130757,2.19339232130757,40,0,13262911.9243246,2.22044604925031e-16,0,0,0,0,0.0267814738520437,0.0723497385068397,0.150836417470908,2,return_inductance,current_rise,20.9127910518255,50
physical_only,0.079145796971597,0.112642743837393,0.0485101251549688,0,1.70963095033124,0.0797225087842584,0.171065344123462,1.71065344123462,0,0,13262911.9243246,2.22044604925031e-16,0,0,0,0,0.0182306304015836,0.0491885701604907,0.102562529463613,2,return_inductance,current_rise,20.9127910518255,65.9753955386447
physical_only,0.0783201768654766,0.112195821230315,0.0484776818396782,0,1.34843077892844,0.062727283692615,0.134480578232201,1.34480578232201,0,0,13262911.9243246,2.22044604925031e-16,0,0,0,0,0.0117503028638139,0.0316356868793418,0.0659777635723514,2,return_inductance,current_rise,20.9127910518255,87.0550563296124
physical_only,0.0777223550003564,0.111857117230565,0.048453094404511,0,1.07469223711771,0.0498473115811292,0.106754510360556,1.06754510360556,0,0,13262911.9243246,2.22044604925031e-16,0,0,0,0,0.00683913296111051,0.0183330888897112,0.0382516957007063,2,return_inductance,current_rise,20.9127910518255,114.869835499704
physical_only,0.0772856876167099,0.111600427598755,0.0484344606130439,0,0.867237215760166,0.040086118028341,0.0857420801619341,0.857420801619341,0,0,13262911.9243246,2.22044604925031e-16,0,0,0,0,0.00311716216990262,0.00825160481445605,0.0172392655020843,2,return_inductance,current_rise,20.9127910518255,151.57165665104
physical_only,0.0769643383273601,0.111405893235076,0.0484203388398676,0,0.710015709421471,0.0326885166399027,0.0698176358845868,0.698176358845868,0,0,13262911.9243246,2.22044604925031e-16,0,0,0,0,0.000296435775735513,0.000657019125284309,0.00136851096641991,2,return_inductance,current_rise,20.9127910518255,200
physical_only,0.0767263761186389,0.11126215514162,0.048409636537096,0,0.590864088536886,0.0270821831514572,0.0577491638827633,0.577491638827633,0,0,13262911.9243246,2.22044604925031e-16,0,0,0,0,0.00184127508687633,0.00517902348606834,0.0107800905643147,2,return_inductance,current_rise,20.9127910518255,263.901582154579
physical_only,0.0765492672096062,0.1111566155016,0.0484015257082638,0,0.500564045686192,0.0228333768785468,0.0488676237559873,0.488676237559873,0,0,13262911.9243246,2.22044604925031e-16,0,0,0,0,0.00346135697132512,0.00956724430635595,0.0199021790192797,2,return_inductance,current_rise,20.9127910518255,348.22022531845
physical_only,0.0764169137389412,0.111088123002369,0.0483953788494418,0,0.432129410233491,0.0196133838506745,0.0422260800611008,0.422260800611008,0,0,13262911.9243246,2.22044604925031e-16,0,0,0,0,0.00468914944701687,0.0128928938037629,0.0268313592178134,2,return_inductance,current_rise,20.9127910518255,459.479341998814
physical_only,0.0763176883298788,0.111036215394459,0.0483907204016005,0,0.38026565489409,0.0172630856112025,0.0371927311583297,0.371927311583297,0,0,13262911.9243246,2.22044604925031e-16,0,0,0,0,0.00561964214481566,0.015413264822578,0.0320844667674689,2,return_inductance,current_rise,20.9127910518255,606.286626604159
physical_only,0.0762431121808988,0.110996876783923,0.0483871899583096,0,0.340960278309491,0.0154955333975779,0.0333781659998513,0.333781659998513,0,0,13262911.9243246,2.22044604925031e-16,0,0,0,0,0.00632482374333199,0.0173233488760614,0.0360655778368057,2,return_inductance,current_rise,20.9127910518255,800
physical_only,0.0822081177199138,0.113966593206883,0.0487841680987629,0,2.77961862552342,0.130223234564343,0.277026907174299,2.77026907174299,134,0,13262911.9243246,2.22044604925031e-16,0,0,0,0,0.0397875695699425,0.0999753618812912,0.208524092514449,2,return_inductance,current_rise,30.9249494710992,50
physical_only,0.080502019664219,0.113195305452889,0.0486853675546386,0,2.15932980155382,0.100999677035452,0.214784426496945,2.14784426496945,38,0,13262911.9243246,2.22044604925031e-16,0,0,0,0,0.0280874077742123,0.0702228605821362,0.146281611837095,2,return_inductance,current_rise,30.9249494710992,65.9753955386447
physical_only,0.079292689679223,0.112614584627646,0.0486104907438213,0,1.68923877829787,0.0788523618959985,0.167613446945261,1.67613446945261,0,0,13262911.9243246,2.22044604925031e-16,0,0,0,0,0.0192203432418606,0.0476746810250088,0.0992439677844489,2,return_inductance,current_rise,30.9249494710992,87.0550563296124
physical_only,0.0784265325365778,0.112174480539932,0.0485537447325914,0,1.33297640243941,0.062067835665699,0.131864529362756,1.31864529362756,0,0,13262911.9243246,2.22044604925031e-16,0,0,0,0,0.0125003649378675,0.0305863563753151,0.0636303693522689,2,return_inductance,current_rise,30.9249494710992,114.869835499704
physical_only,0.0778000205977145,0.111840944011578,0.0485107392979412,0,1.06298000988289,0.0493475434315526,0.104771916055447,1.04771916055447,0,0,13262911.9243246,2.22044604925031e-16,0,0,0,0,0.00740757371687631,0.0176358279925899,0.0366403087839171,2,return_inductance,current_rise,30.9249494710992,151.57165665104
physical_only,0.0773428242580232,0.111588170590806,0.0484781472730493,0,0.858361007334918,0.0397073645964778,0.0842395546454724,0.842395546454724,0,0,13262911.9243246,2.22044604925031e-16,0,0,0,0,0.00354795970519908,0.00786368438967043,0.0163793379973244,2,return_inductance,current_rise,30.9249494710992,200
physical_only,0.0770066347101905,0.111396604160093,0.0484534471370262,0,0.703288801342539,0.0324014752142557,0.0690072728050159,0.690072728050159,0,0,13262911.9243246,2.22044604925031e-16,0,0,0,0,0.000654466412361877,0.00193483565264076,0.00406595160240322,2,return_inductance,current_rise,30.9249494710992,263.901582154579
physical_only,0.0767578467873484,0.111255593888354,0.0484347279343012,0,0.58576604552853,0.0268646464293918,0.0574890799147598,0.574890799147598,0,0,13262911.9243246,2.22044604925031e-16,0,0,0,0,0.00161694779770939,0.00581975462977356,0.0121661333376326,2,return_inductance,current_rise,30.9249494710992,348.22022531845
physical_only,0.0765727791943833,0.111163134592651,0.0484205414315255,0,0.496700451563938,0.0226685148718176,0.0487599220247481,0.487599220247481,0,0,13262911.9243246,2.22044604925031e-16,0,0,0,0,0.00328704939037035,0.00997444263228743,0.0208160052762323,2,return_inductance,current_rise,30.9249494710992,459.479341998814
physical_only,0.0764345369192389,0.111093063549546,0.0484097900728391,0,0.429201353424827,0.0195644806786615,0.0421444574119602,0.421444574119602,0,0,13262911.9243246,2.22044604925031e-16,0,0,0,0,0.00455274971621148,0.0132014924279984,0.0275079801137491,2,return_inductance,current_rise,30.9249494710992,606.286626604159
physical_only,0.0763309313318228,0.111039959629088,0.0484016420666114,0,0.37804660278783,0.0172396647124944,0.0371308727575775,0.371308727575775,0,0,13262911.9243246,2.22044604925031e-16,0,0,0,0,0.00551197119227358,0.0156471388461556,0.0325795486756966,2,return_inductance,current_rise,30.9249494710992,800
physical_only,0.0853006551698885,0.124256113733158,0.0535305291083985,0,3.65708559411296,0.171739934628812,0.362332997184269,3.62332997184269,180,0,13262911.9243246,0.05,0,0,0,0,0.0590204329355655,0.142372504945704,0.295982917547536,2,return_inductance,current_rise,45.7305051927326,50
physical_only,0.0826712786191184,0.115010851463756,0.0489445085913997,0,2.82432541198225,0.132463452072732,0.279434353423115,2.79434353423115,132,0,13262911.9243246,2.22044604925031e-16,0,0,0,0,0.0426631925865229,0.102353886639856,0.212730612069153,2,return_inductance,current_rise,45.7305051927326,65.9753955386447
physical_only,0.0808294576243224,0.113234675435029,0.0488068829251177,0,2.19321120998938,0.102697444430478,0.216634624604811,2.16634624604811,50,0,13262911.9243246,2.22044604925031e-16,0,0,0,0,0.0302667224968119,0.0720254452723407,0.149637162762269,2,return_inductance,current_rise,45.7305051927326,87.0550563296124
physical_only,0.0795265100282358,0.11264378395727,0.0487025821739494,0,1.71491608432907,0.0801390289793583,0.169369691311264,1.69369691311264,0,0,13262911.9243246,2.22044604925031e-16,0,0,0,0,0.0208719549562202,0.0490407847637503,0.101821269585904,2,return_inductance,current_rise,45.7305051927326,114.869835499704
physical_only,0.0785951580579027,0.112196609493745,0.0486235369857028,0,1.35243616150682,0.063042946972615,0.133549570107245,1.33549570107245,0,0,13262911.9243246,2.22044604925031e-16,0,0,0,0,0.0137520525563386,0.0316216694095069,0.0657232886630522,2,return_inductance,current_rise,45.7305051927326,151.57165665104
physical_only,0.0779227386326633,0.111857714622574,0.0485636319350161,0,1.07772774948231,0.0500865396125955,0.106402994545574,1.06402994545574,0,0,13262911.9243246,2.22044604925031e-16,0,0,0,0,0.00835617554661278,0.0185205956840078,0.0385767131013812,2,return_inductance,current_rise,45.7305051927326,200
physical_only,0.0774328468862247,0.111600880337267,0.0485182323962117,0,0.86953770394964,0.0402674189735756,0.0858297373941479,0.858297373941479,0,0,13262911.9243246,2.22044604925031e-16,0,0,0,0,0.00426686545933941,0.008919256510792,0.0185370870026705,2,return_inductance,current_rise,45.7305051927326,263.901582154579
physical_only,0.0770731194762386,0.111406236346731,0.0484838259796603,0,0.711759153451442,0.0328259170630128,0.0702381240484008,0.702381240484008,0,0,13262911.9243246,2.22044604925031e-16,0,0,0,0,0.00121948201249405,0.00347351265262404,0.00726118025682489,2,return_inductance,current_rise,45.7305051927326,348.22022531845
physical_only,0.0768072216134535,0.111274058554589,0.0484577507918173,0,0.592185372036341,0.027186313200232,0.058421890725014,0.58421890725014,0,0,13262911.9243246,2.22044604925031e-16,0,0,0,0,0.001225639777349,0.00605430139490672,0.0128066885995242,2,return_inductance,current_rise,45.7305051927326,459.479341998814
physical_only,0.0766096123252615,0.111177128192883,0.0484379894947716,0,0.501565391330778,0.0229676862095653,0.0494668604240093,0.494668604240093,0,0,13262911.9243246,2.22044604925031e-16,0,0,0,0,0.002990493365801,0.00997219397976391,0.0209493236060676,2,return_inductance,current_rise,45.7305051927326,606.286626604159
physical_only,0.0764621123982456,0.111103668715397,0.0484230132321587,0,0.432888288324673,0.0198188122137097,0.0426802165335917,0.426802165335917,0,0,13262911.9243246,2.22044604925031e-16,0,0,0,0,0.00432800227654081,0.0131684304638363,0.0274840984586574,2,return_inductance,current_rise,45.7305051927326,800
physical_only,0.0903929079870742,0.145671309270132,0.0803962098224605,0,4.95464657480379,0.233133071896751,0.49259225838641,4.9259225838641,226,0,13262911.9243246,0.0690000000000002,0,0,0,0,0.0874611765116433,0.205067604023428,0.425728592873665,2,return_inductance,current_rise,67.6243337806242,50
physical_only,0.0862081951595899,0.127812050188547,0.0585236211016845,0,3.80769274922751,0.178990749686262,0.378506469900153,3.78506469900153,182,0,13262911.9243246,0.0550000000000002,0,0,0,0,0.0642172456876056,0.149867886795414,0.3110594468316,2,return_inductance,current_rise,67.6243337806242,65.9753955386447
physical_only,0.0833049528020872,0.116798538194771,0.049097299362898,0,2.93846429200333,0.137958542324373,0.292045610094143,2.92045610094143,144,0,13262911.9243246,2.22044604925031e-16,0,0,0,0,0.0466016401772165,0.10803432386082,0.224219328649951,2,return_inductance,current_rise,67.6243337806242,87.0550563296124
physical_only,0.0812758564984835,0.113375627806876,0.0489226766769294,0,2.27971230565483,0.106861944094919,0.226520531312792,2.26520531312792,72,0,13262911.9243246,2.22044604925031e-16,0,0,0,0,0.0332515076265745,0.0763304116727593,0.158694249868599,2,return_inductance,current_rise,67.6243337806242,114.869835499704
physical_only,0.0798441553964983,0.112733627185617,0.0487903374278984,0,1.78047165618982,0.0832951295456695,0.176861807597395,1.76861807597395,0,0,13262911.9243246,2.22044604925031e-16,0,0,0,0,0.0231339990905641,0.0523033392094433,0.109035526153203,2,return_inductance,current_rise,67.6243337806242,151.57165665104
physical_only,0.078823483685637,0.112256304917909,0.0486900430318313,0,1.40211799465504,0.0654348239295809,0.139227532493801,1.39227532493801,0,0,13262911.9243246,2.22044604925031e-16,0,0,0,0,0.0154663614406227,0.0342795846433777,0.0714012510496084,2,return_inductance,current_rise,67.6243337806242,200
physical_only,0.0780884194240688,0.11190295529423,0.0486140340930271,0,1.11537953826099,0.0518992433769591,0.110706085372236,1.10706085372236,0,0,13262911.9243246,2.22044604925031e-16,0,0,0,0,0.00965537873460849,0.0208623368293781,0.0431936554582261,2,return_inductance,current_rise,67.6243337806242,263.901582154579
physical_only,0.0775540828809305,0.111635166355034,0.0485564300890751,0,0.898072423954923,0.0416411915364861,0.0890908704207339,0.890908704207339,0,0,13262911.9243246,2.22044604925031e-16,0,0,0,0,0.0052514773569969,0.0108720951172578,0.0225115136060188,2,return_inductance,current_rise,67.6243337806242,348.22022531845
physical_only,0.0771624707912848,0.111438088210412,0.0485127744175766,0,0.733384427367795,0.033867041979123,0.0727096007253961,0.727096007253961,0,0,13262911.9243246,2.22044604925031e-16,0,0,0,0,0.0019707031384134,0.00497594311114873,0.0103517019169091,2,return_inductance,current_rise,67.6243337806242,459.479341998814
physical_only,0.0768734663351903,0.111301439426272,0.0484796896053284,0,0.608574265001549,0.0280002023774048,0.060294919796547,0.60294919796547,0,0,13262911.9243246,2.22044604925031e-16,0,0,0,0,0.000688615650603937,0.00607821326057819,0.0128419915960094,2,return_inductance,current_rise,67.6243337806242,606.286626604159
physical_only,0.0766589635290347,0.111197879013275,0.0484546160063228,0,0.513985849617826,0.0236327462771227,0.0508863510206485,0.508863510206485,0,0,13262911.9243246,2.22044604925031e-16,0,0,0,0,0.00257719920089939,0.00975949522967346,0.0204089460893273,2,return_inductance,current_rise,67.6243337806242,800
physical_only,0.0988695392831502,0.182831439961263,0.120442903992414,0,6.87342478399136,0.323918642468288,0.686750403025356,6.86750403025356,240,0,13262911.9243246,0.0820000000000001,0,0,0,0,0.129518143266159,0.297778460563778,0.618924121581164,2,return_inductance,current_rise,100,50
physical_only,0.0920689812618622,0.153236993321666,0.0886785488626179,0,5.26185470878992,0.247793346343952,0.52565082807624,5.2565082807624,216,0,13262911.9243246,0.0720000000000001,0,0,0,0,0.0960904663110999,0.220129577372203,0.457824546632047,2,return_inductance,current_rise,100,65.9753955386447
physical_only,0.0873690394484208,0.132765987427509,0.0647645035439647,0,4.04051297825227,0.190101160110868,0.40356018077216,4.0356018077216,202,0,13262911.9243246,0.0600000000000001,0,0,0,0,0.0707570244407171,0.161282728059952,0.335733899327968,2,return_inductance,current_rise,100,87.0550563296124
physical_only,0.0841132222482018,0.119606398230833,0.0492481431039631,0,3.1149090310791,0.146378658895025,0.311032772404774,3.11032772404774,158,0,13262911.9243246,2.22044604925031e-16,0,0,0,0,0.0515578656759391,0.116685155865195,0.243206490960582,2,return_inductance,current_rise,100,114.869835499704
physical_only,0.0818433353143439,0.113572824166577,0.0490369948555413,0,2.41343241270021,0.113243199183962,0.240910109545415,2.40910109545415,106,0,13262911.9243246,2.22044604925031e-16,0,0,0,0,0.0370076241744939,0.082886516364325,0.173083828101222,2,return_inductance,current_rise,100,151.57165665104
physical_only,0.0802465336728626,0.112883074080284,0.0488769744065056,0,1.88181254695192,0.0881312165724648,0.187767068653537,1.87767068653537,0,0,13262911.9243246,2.22044604925031e-16,0,0,0,0,0.0259806031292389,0.0575833099125885,0.119940787209345,2,return_inductance,current_rise,100,200
physical_only,0.079111733761738,0.112360341264013,0.048755701583708,0,1.47892002815154,0.0690998925413802,0.147492174916258,1.47492174916258,0,0,13262911.9243246,2.22044604925031e-16,0,0,0,0,0.0176236838904964,0.0385232580553532,0.0798345671127834,2,return_inductance,current_rise,100,263.901582154579
physical_only,0.0782969389120708,0.111973698353019,0.0486637939703919,0,1.17358459551715,0.0546768459831099,0.116969513090238,1.16969513090238,0,0,13262911.9243246,2.22044604925031e-16,0,0,0,0,0.0112903234229007,0.0240784398760739,0.049798469351183,2,return_inductance,current_rise,100,348.22022531845
physical_only,0.077706257236714,0.111688779568094,0.0485941410243732,0,0.94218360872384,0.0437462206791486,0.0938376609983917,0.938376609983917,0,0,13262911.9243246,2.22044604925031e-16,0,0,0,0,0.00649053373171256,0.0134289993942943,0.0277948161424813,2,return_inductance,current_rise,100,459.479341998814
physical_only,0.0772743710692344,0.111485265611887,0.0485413539622232,0,0.766814454129108,0.0354623557513823,0.0763069952835519,0.763069952835519,0,0,13262911.9243246,2.22044604925031e-16,0,0,0,0,0.00291181680161563,0.00667429439770456,0.0138301188393345,2,return_inductance,current_rise,100,606.286626604159
physical_only,0.0769562753144879,0.111337193210745,0.0485013488499595,0,0.633909487692035,0.029272630398991,0.0630212350605827,0.630212350605827,0,0,13262911.9243246,2.22044604925031e-16,0,0,0,0,0.000326488188354673,0.0060075474820437,0.0127113690159426,2,return_inductance,current_rise,100,800
