Case,Comparison,Signal,MaxAbsoluteDifference,ReferencePeakAbsolute,Limit,Pass,PeakAbsoluteDifference,RMSDifference
nominal,native_0.5_to_0.125ns,switch_V,0.0399310591615851,24.2204818575534,0.242204818575534,1,0.00317256828818557,0.000821040542848895
nominal,native_0.5_to_0.125ns,bus_V,0.000444238810011655,24.0175686085579,0.240175686085579,1,3.23444027117148e-09,1.52444133093925e-05
nominal,native_0.5_to_0.125ns,highVgs_V,0.00523015338922583,11.9999967001831,0.119999967001831,1,3.5527136788005e-14,0.000101996024947615
nominal,native_0.5_to_0.125ns,lowVgs_V,0.0092787002616892,11.9999869801765,0.119999869801765,1,5.45288258990695e-11,0.000237469922462088
nominal,native_0.5_to_0.125ns,highVds_V,0.0398500174021468,24.9779824852383,0.249779824852384,1,0.00172482269546137,0.000820490643436113
nominal,native_0.5_to_0.125ns,lowVds_V,0.0399310591615851,24.2204818575534,0.242204818575534,1,0.00317256828818557,0.000821040542848895
nominal,native_0.5_to_0.125ns,highCurrent_A,0.0443482286949433,8.24605379874291,0.0824605379874291,1,0.00016548497629465,0.0014007369553467
nominal,native_0.5_to_0.125ns,lowCurrent_A,0.0443482301095619,5.28231048131583,0.0528231048131583,1,0.000163956973972645,0.0014007374661312
nominal,native_0.5_to_0.125ns,highGateCurrent_A,0.000209206135568962,0.398148169802052,0.01,1,0.000183230975421111,4.07984099790525e-06
nominal,native_0.5_to_0.125ns,lowGateCurrent_A,0.000371148010467559,0.4283444451495,0.01,1,0.000145126175331523,9.49879689848398e-06
nominal,native_0.5_to_0.125ns,loadCurrent_A,3.82046212443754e-08,2.98096419015807,0.0298096419015807,1,1.91402449445377e-13,1.02885554620815e-08
nominal,native_0.5_to_0.125ns,feedCurrent_A,0.00021591125035747,2.98096484591429,0.0298096484591429,1,4.81516559958095e-09,8.86752638532726e-05
nominal,native_0.25_to_0.125ns,switch_V,0.0101051869671256,24.2204818575534,0.242204818575534,1,0.000380579261506142,0.000175303128749004
nominal,native_0.25_to_0.125ns,bus_V,9.37076676557069e-05,24.0175686085579,0.240175686085579,1,6.79559519767281e-10,3.07095773769241e-06
nominal,native_0.25_to_0.125ns,highVgs_V,0.00232069870240359,11.9999967001831,0.119999967001831,1,3.5527136788005e-14,2.68685366725132e-05
nominal,native_0.25_to_0.125ns,lowVgs_V,0.00238931175963997,11.9999869801765,0.119999869801765,1,5.1029402925451e-11,5.23824110801798e-05
nominal,native_0.25_to_0.125ns,highVds_V,0.0100550145218463,24.9779824852383,0.249779824852384,1,0.00018715796024793,0.000175188995829707
nominal,native_0.25_to_0.125ns,lowVds_V,0.0101051869671256,24.2204818575534,0.242204818575534,1,0.000380579261506142,0.000175303128749004
nominal,native_0.25_to_0.125ns,highCurrent_A,0.00935393396752726,8.24605379874291,0.0824605379874291,1,0.00233724029236804,0.000283956647910014
nominal,native_0.25_to_0.125ns,lowCurrent_A,0.00935393359025127,5.28231048131583,0.0528231048131583,1,0.00233724012461956,0.000283956744384018
nominal,native_0.25_to_0.125ns,highGateCurrent_A,9.28279480959526e-05,0.398148169802052,0.01,1,1.2704989604817e-07,1.07474146690095e-06
nominal,native_0.25_to_0.125ns,lowGateCurrent_A,9.55724703856006e-05,0.4283444451495,0.01,1,3.81131041054528e-05,2.09529644320743e-06
nominal,native_0.25_to_0.125ns,loadCurrent_A,9.34364230431584e-09,2.98096419015807,0.0298096419015807,1,1.55431223447522e-14,1.92657509917563e-09
nominal,native_0.25_to_0.125ns,feedCurrent_A,4.20073062115112e-05,2.98096484591429,0.0298096484591429,1,8.66419824774312e-10,1.72527438067743e-05
nominal,spice_0.25_to_0.125ns,switch_V,0.0086861853374387,24.2206831239843,0.242206831239843,1,0.000196294193148816,9.69327637310602e-05
nominal,spice_0.25_to_0.125ns,bus_V,6.70143293248771e-05,24.0175686084087,0.240175686084087,1,6.10274497603314e-10,1.89504613787281e-06
nominal,spice_0.25_to_0.125ns,highVgs_V,0.000693850046200595,11.9999966975649,0.119999966975649,1,9.46087652664573e-12,5.86086771794322e-06
nominal,spice_0.25_to_0.125ns,lowVgs_V,0.00189639846654854,11.9999869793099,0.119999869793099,1,1.25162102904142e-11,2.3208198060422e-05
nominal,spice_0.25_to_0.125ns,highVds_V,0.00867756021330912,24.9783352138349,0.249783352138349,1,8.63043940562136e-05,9.69184457189032e-05
nominal,spice_0.25_to_0.125ns,lowVds_V,0.00868618533744758,24.2206831240085,0.242206831240085,1,0.000196294193148816,9.69327637311565e-05
nominal,spice_0.25_to_0.125ns,highCurrent_A,0.00680571075277037,8.24585370034613,0.0824585370034613,1,0.00103384629470504,0.000170358858204132
nominal,spice_0.25_to_0.125ns,lowCurrent_A,0.00680571711778644,5.28211037864085,0.0528211037864085,1,0.00103319636753163,0.000170358948609204
nominal,spice_0.25_to_0.125ns,highGateCurrent_A,2.77540017556421e-05,0.398134915908976,0.01,1,9.77720211903232e-07,2.34434708168569e-07
nominal,spice_0.25_to_0.125ns,lowGateCurrent_A,7.58559386637575e-05,0.42832336748998,0.01,1,9.37945334011925e-07,9.28327922439111e-07
nominal,spice_0.25_to_0.125ns,loadCurrent_A,6.15361672728909e-09,2.98096419017023,0.0298096419017023,1,1.06941122623994e-11,2.26416429462415e-09
nominal,spice_0.25_to_0.125ns,feedCurrent_A,2.94671483083153e-05,2.98096484620725,0.0298096484620725,1,7.22618853643553e-10,1.2106089802114e-05
nominal,native_to_original_spice_0.125ns,switch_V,0.00319468783075549,24.2206831239843,0.242206831239843,1,0.000201266430892133,2.74276755729674e-05
nominal,native_to_original_spice_0.125ns,bus_V,1.78468941847143e-05,24.0175686084087,0.240175686084087,1,1.49139367522366e-10,2.73412893526356e-07
nominal,native_to_original_spice_0.125ns,highVgs_V,0.000787804315667717,11.9999966975649,0.119999966975649,1,2.6181936618741e-09,8.19000078983136e-06
nominal,native_to_original_spice_0.125ns,lowVgs_V,0.000728357931381041,11.9999869793099,0.119999869793099,1,8.6660101317193e-10,9.65971553902469e-06
nominal,native_to_original_spice_0.125ns,highVds_V,0.00318878901437358,24.9783352138349,0.249783352138349,1,0.0003527285965923,2.74165753886499e-05
nominal,native_to_original_spice_0.125ns,lowVds_V,0.00319468783146737,24.2206831240085,0.242206831240085,1,0.000201266455114535,2.74276757269035e-05
nominal,native_to_original_spice_0.125ns,highCurrent_A,0.00180442052368512,8.24585370034613,0.0824585370034613,1,0.000200098396774706,2.71155289144355e-05
nominal,native_to_original_spice_0.125ns,lowCurrent_A,0.00180442170502459,5.28211037864085,0.0528211037864085,1,0.000200102674983604,2.71155286236413e-05
nominal,native_to_original_spice_0.125ns,highGateCurrent_A,3.15121740726565e-05,0.398134915908976,0.01,1,1.32538930762705e-05,3.27600026849919e-07
nominal,native_to_original_spice_0.125ns,lowGateCurrent_A,2.91343268083444e-05,0.42832336748998,0.01,1,2.10776595199191e-05,3.863886417687e-07
nominal,native_to_original_spice_0.125ns,loadCurrent_A,2.18714513167129e-09,2.98096419017023,0.0298096419017023,1,1.21578302980652e-11,1.97227654014736e-10
nominal,native_to_original_spice_0.125ns,feedCurrent_A,1.92991371406048e-06,2.98096484620725,0.0298096484620725,1,2.92958102221519e-10,4.45454749612309e-07
nominal,native_consistency_10x,switch_V,0,24.2204818575534,0.242204818575534,1,0,0
nominal,native_consistency_10x,bus_V,0,24.0175686085579,0.240175686085579,1,0,0
nominal,native_consistency_10x,highVgs_V,0,11.9999967001831,0.119999967001831,1,0,0
nominal,native_consistency_10x,lowVgs_V,0,11.9999869801765,0.119999869801765,1,0,0
nominal,native_consistency_10x,highVds_V,0,24.9779824852383,0.249779824852384,1,0,0
nominal,native_consistency_10x,lowVds_V,0,24.2204818575534,0.242204818575534,1,0,0
nominal,native_consistency_10x,highCurrent_A,0,8.24605379874291,0.0824605379874291,1,0,0
nominal,native_consistency_10x,lowCurrent_A,0,5.28231048131583,0.0528231048131583,1,0,0
nominal,native_consistency_10x,highGateCurrent_A,0,0.398148169802052,0.01,1,0,0
nominal,native_consistency_10x,lowGateCurrent_A,0,0.4283444451495,0.01,1,0,0
nominal,native_consistency_10x,loadCurrent_A,0,2.98096419015807,0.0298096419015807,1,0,0
nominal,native_consistency_10x,feedCurrent_A,0,2.98096484591429,0.0298096484591429,1,0,0
holdout_bus18,native_0.5_to_0.125ns,switch_V,0.0215452847383009,18.242992515675,0.18242992515675,1,0.000916288652351938,0.000564724334176482
holdout_bus18,native_0.5_to_0.125ns,bus_V,0.000256205474865823,18.0131704986521,0.180131704986521,1,1.29412569549459e-09,7.89223705588325e-06
holdout_bus18,native_0.5_to_0.125ns,highVgs_V,0.00523021796878176,11.9999967001375,0.119999967001375,1,2.1316282072803e-14,9.79675044682667e-05
holdout_bus18,native_0.5_to_0.125ns,lowVgs_V,0.00699876543110622,11.9999870480929,0.119999870480929,1,1.24577503868295e-09,0.00017993893480646
holdout_bus18,native_0.5_to_0.125ns,highVds_V,0.0215294992182429,18.8741479469711,0.188741479469711,1,0.00104079356465903,0.000565516273478054
holdout_bus18,native_0.5_to_0.125ns,lowVds_V,0.0215452847383009,18.242992515675,0.18242992515675,1,0.000916288652351938,0.000564724334176482
holdout_bus18,native_0.5_to_0.125ns,highCurrent_A,0.0259483946612962,5.98653823137176,0.0598653823137176,1,0.00554441893445112,0.000788088964413537
holdout_bus18,native_0.5_to_0.125ns,lowCurrent_A,0.0259484220266275,3.76380902619504,0.0376380902619504,1,0.00554501002175689,0.000788089249849071
holdout_bus18,native_0.5_to_0.125ns,highGateCurrent_A,0.000209208718751352,0.39814808285197,0.01,1,0.000183221918959364,3.91870017873201e-06
holdout_bus18,native_0.5_to_0.125ns,lowGateCurrent_A,0.00027995061724425,0.423041710068007,0.01,1,0.000151821917254713,7.1975573922587e-06
holdout_bus18,native_0.5_to_0.125ns,loadCurrent_A,2.73653322224732e-08,2.2357231467165,0.022357231467165,1,2.50910403565285e-13,3.74069456770005e-09
holdout_bus18,native_0.5_to_0.125ns,feedCurrent_A,4.19718185830087e-05,2.23572401475577,0.0223572401475577,1,4.83860018718474e-09,1.08467724393373e-05
holdout_bus18,native_0.25_to_0.125ns,switch_V,0.00594784693013395,18.242992515675,0.18242992515675,1,0.000280199378433821,0.000117371565584786
holdout_bus18,native_0.25_to_0.125ns,bus_V,5.80429213385969e-05,18.0131704986521,0.180131704986521,1,5.57566437464629e-10,1.57825595041684e-06
holdout_bus18,native_0.25_to_0.125ns,highVgs_V,0.00232071811244516,11.9999967001375,0.119999967001375,1,3.19744231092045e-14,2.64753934806209e-05
holdout_bus18,native_0.25_to_0.125ns,lowVgs_V,0.00232071790517807,11.9999870480929,0.119999870480929,1,5.38982192210824e-11,3.95163019481159e-05
holdout_bus18,native_0.25_to_0.125ns,highVds_V,0.00596025348512363,18.8741479469711,0.188741479469711,1,1.12172942827726e-05,0.000117539433033883
holdout_bus18,native_0.25_to_0.125ns,lowVds_V,0.00594784693013395,18.242992515675,0.18242992515675,1,0.000280199378433821,0.000117371565584786
holdout_bus18,native_0.25_to_0.125ns,highCurrent_A,0.0058944884944232,5.98653823137176,0.0598653823137176,1,0.000789204619759509,0.000157418264100431
holdout_bus18,native_0.25_to_0.125ns,lowCurrent_A,0.00589449488019866,3.76380902619504,0.0376380902619504,1,0.000788604221800604,0.000157418318598777
holdout_bus18,native_0.25_to_0.125ns,highGateCurrent_A,9.28287244977843e-05,0.39814808285197,0.01,1,1.37962882229559e-07,1.05901573922486e-06
holdout_bus18,native_0.25_to_0.125ns,lowGateCurrent_A,9.28287162070274e-05,0.423041710068007,0.01,1,3.14495068015064e-05,1.58065207792486e-06
holdout_bus18,native_0.25_to_0.125ns,loadCurrent_A,6.41214192853568e-09,2.2357231467165,0.022357231467165,1,7.096545573404e-13,8.08925548646958e-10
holdout_bus18,native_0.25_to_0.125ns,feedCurrent_A,9.52578372320767e-06,2.23572401475577,0.0223572401475577,1,1.07065423193831e-09,2.37983706740515e-06
holdout_bus18,spice_0.25_to_0.125ns,switch_V,0.00226083533559951,18.2430600666523,0.182430600666523,1,6.09234456305785e-06,5.30826357743134e-05
holdout_bus18,spice_0.25_to_0.125ns,bus_V,3.59905110620673e-05,18.0131704986318,0.180131704986318,1,2.83229439901334e-10,8.58709544340196e-07
holdout_bus18,spice_0.25_to_0.125ns,highVgs_V,0.000826021399470633,11.9999966979399,0.119999966979399,1,1.34825484110479e-11,5.56524845214592e-06
holdout_bus18,spice_0.25_to_0.125ns,lowVgs_V,0.000707555580657271,11.9999870469733,0.119999870469733,1,2.62607713352736e-10,1.38090635629053e-05
holdout_bus18,spice_0.25_to_0.125ns,highVds_V,0.00226815142179504,18.874278177711,0.18874278177711,1,0.000295827097257728,5.32981775950417e-05
holdout_bus18,spice_0.25_to_0.125ns,lowVds_V,0.00226083533560129,18.2430600666705,0.182430600666705,1,6.09234456305785e-06,5.30826357743564e-05
holdout_bus18,spice_0.25_to_0.125ns,highCurrent_A,0.00365515841783015,5.98685008741911,0.0598685008741911,1,0.00104636840855221,8.42185036128963e-05
holdout_bus18,spice_0.25_to_0.125ns,lowCurrent_A,0.00365516256559584,3.76412064247261,0.0376412064247261,1,0.00104592962822325,8.42185283519913e-05
holdout_bus18,spice_0.25_to_0.125ns,highGateCurrent_A,3.30408559794937e-05,0.398132601794017,0.01,1,2.68366216493732e-06,2.22609938075729e-07
holdout_bus18,spice_0.25_to_0.125ns,lowGateCurrent_A,2.83022232269795e-05,0.42302248157567,0.01,1,2.85955061157805e-06,5.5236254252954e-07
holdout_bus18,spice_0.25_to_0.125ns,loadCurrent_A,3.99444477494626e-09,2.23572314672514,0.0223572314672514,1,6.3948846218409e-14,1.07747708104117e-09
holdout_bus18,spice_0.25_to_0.125ns,feedCurrent_A,5.73232441630767e-06,2.23572401468391,0.0223572401468391,1,9.77822711689669e-10,2.32227515574451e-06
holdout_bus18,native_to_original_spice_0.125ns,switch_V,0.00205126673787603,18.2430600666523,0.182430600666523,1,6.75509772740668e-05,1.70930279745699e-05
holdout_bus18,native_to_original_spice_0.125ns,bus_V,1.04036725332435e-05,18.0131704986318,0.180131704986318,1,2.03037586743449e-11,1.77287017447553e-07
holdout_bus18,native_to_original_spice_0.125ns,highVgs_V,0.000800760512391641,11.9999966979399,0.119999966979399,1,2.19759854758195e-09,8.08518469487281e-06
holdout_bus18,native_to_original_spice_0.125ns,lowVgs_V,0.000738798951838371,11.9999870469733,0.119999870469733,1,1.11963061044662e-09,8.03619857310077e-06
holdout_bus18,native_to_original_spice_0.125ns,highVds_V,0.00205580394981761,18.874278177711,0.18874278177711,1,0.000130230739927129,1.71041378768178e-05
holdout_bus18,native_to_original_spice_0.125ns,lowVds_V,0.00205126675585987,18.2430600666705,0.182430600666705,1,6.75509955172515e-05,1.70930281137064e-05
holdout_bus18,native_to_original_spice_0.125ns,highCurrent_A,0.00104945167948767,5.98685008741911,0.0598685008741911,1,0.000311856047352954,1.78271796595585e-05
holdout_bus18,native_to_original_spice_0.125ns,lowCurrent_A,0.00104945284439273,3.76412064247261,0.0376412064247261,1,0.00031161627757692,1.78271928701736e-05
holdout_bus18,native_to_original_spice_0.125ns,highGateCurrent_A,3.20304219426637e-05,0.398132601794017,0.01,1,1.54810579530151e-05,3.23407391869103e-07
holdout_bus18,native_to_original_spice_0.125ns,lowGateCurrent_A,2.95519573587401e-05,0.42302248157567,0.01,1,1.92284923375419e-05,3.21447955050368e-07
holdout_bus18,native_to_original_spice_0.125ns,loadCurrent_A,1.30888366811632e-09,2.23572314672514,0.0223572314672514,1,8.64774918341027e-12,8.53838243527834e-11
holdout_bus18,native_to_original_spice_0.125ns,feedCurrent_A,1.30899923861394e-06,2.23572401468391,0.0223572401468391,1,7.18607395810977e-11,4.52589678621347e-08
holdout_load4ohm,native_0.5_to_0.125ns,switch_V,0.0773612718864705,24.1809362445345,0.241809362445345,1,0.000640856222471342,0.0012302762733327
holdout_load4ohm,native_0.5_to_0.125ns,bus_V,0.000654761640102919,24.0349365880841,0.240349365880841,1,2.21497487018496e-09,2.35878774124444e-05
holdout_load4ohm,native_0.5_to_0.125ns,highVgs_V,0.0052301546881548,11.9999967003629,0.119999967003629,1,9.9475983006414e-14,0.000109974580442962
holdout_load4ohm,native_0.5_to_0.125ns,lowVgs_V,0.0163951339928263,11.99998702749,0.1199998702749,1,1.28983224101376e-09,0.000334525821359975
holdout_load4ohm,native_0.5_to_0.125ns,highVds_V,0.0770427499934279,25.430569080959,0.25430569080959,1,0.000674374393184962,0.00122917344571419
holdout_load4ohm,native_0.5_to_0.125ns,lowVds_V,0.0773612718864705,24.1809362445345,0.241809362445345,1,0.000640856222471342,0.0012302762733327
holdout_load4ohm,native_0.5_to_0.125ns,highCurrent_A,0.066082782151236,12.0572811580484,0.120572811580484,1,0.00233568812222629,0.00215146066540721
holdout_load4ohm,native_0.5_to_0.125ns,lowCurrent_A,0.0660828264650846,6.17413488531749,0.0617413488531749,0,0.00519305051267516,0.00215146161711408
holdout_load4ohm,native_0.5_to_0.125ns,highGateCurrent_A,0.000209206187526234,0.398148465184638,0.01,1,0.000183234695162848,4.39898321772008e-06
holdout_load4ohm,native_0.5_to_0.125ns,lowGateCurrent_A,0.000655805359713046,0.426486577267809,0.01,1,0.000147630555303147,1.33810328543991e-05
holdout_load4ohm,native_0.5_to_0.125ns,loadCurrent_A,4.431385125514e-08,5.92433679959518,0.0592433679959518,1,3.67172958704032e-12,1.36315135115297e-08
holdout_load4ohm,native_0.5_to_0.125ns,feedCurrent_A,0.000346458577697328,5.92433745850238,0.0592433745850239,1,4.6436694489671e-09,0.000142241318281061
holdout_load4ohm,native_0.25_to_0.125ns,switch_V,0.0201679137077182,24.1809362445345,0.241809362445345,1,0.000217905148119257,0.000246360549873943
holdout_load4ohm,native_0.25_to_0.125ns,bus_V,0.000136557777857149,24.0349365880841,0.240349365880841,1,1.04585140547897e-09,4.83971309670447e-06
holdout_load4ohm,native_0.25_to_0.125ns,highVgs_V,0.00232069900369147,11.9999967003629,0.119999967003629,1,1.13686837721616e-13,2.80470937413672e-05
holdout_load4ohm,native_0.25_to_0.125ns,lowVgs_V,0.00420041514863234,11.99998702749,0.1199998702749,1,6.85727030713679e-11,6.75748580706235e-05
holdout_load4ohm,native_0.25_to_0.125ns,highVds_V,0.0201221592434599,25.430569080959,0.25430569080959,1,0.000104249656001087,0.000246089038480578
holdout_load4ohm,native_0.25_to_0.125ns,lowVds_V,0.0201679137077182,24.1809362445345,0.241809362445345,1,0.000217905148119257,0.000246360549873943
holdout_load4ohm,native_0.25_to_0.125ns,highCurrent_A,0.013797582865875,12.0572811580484,0.120572811580484,1,0.00420537763496398,0.000432838344648207
holdout_load4ohm,native_0.25_to_0.125ns,lowCurrent_A,0.0137975929437077,6.17413488531749,0.0617413488531749,1,0.000417107600360289,0.000432838532488776
holdout_load4ohm,native_0.25_to_0.125ns,highGateCurrent_A,9.28279601477566e-05,0.398148465184638,0.01,1,1.23376611649295e-07,1.12188374965525e-06
holdout_load4ohm,native_0.25_to_0.125ns,lowGateCurrent_A,0.000168016605945273,0.426486577267809,0.01,1,3.57768274836801e-05,2.70299432282502e-06
holdout_load4ohm,native_0.25_to_0.125ns,loadCurrent_A,1.00778310141436e-08,5.92433679959518,0.0592433679959518,1,8.78408457083424e-13,2.82915189095702e-09
holdout_load4ohm,native_0.25_to_0.125ns,feedCurrent_A,7.736615920928e-05,5.92433745850238,0.0592433745850239,1,7.32511828971383e-10,3.1763094621356e-05
holdout_load4ohm,spice_0.25_to_0.125ns,switch_V,0.010175843990746,24.1810097609769,0.241810097609769,1,0.000289402304694875,0.000111789970633837
holdout_load4ohm,spice_0.25_to_0.125ns,bus_V,8.19783278132036e-05,24.0349365881907,0.240349365881907,1,8.57500737083683e-10,2.54515372392224e-06
holdout_load4ohm,spice_0.25_to_0.125ns,highVgs_V,0.000693284395426375,11.9999966977506,0.119999966977506,1,1.57847068749106e-11,6.49339092974415e-06
holdout_load4ohm,spice_0.25_to_0.125ns,lowVgs_V,0.00212030045712686,11.9999870265733,0.119999870265733,1,2.17781348510471e-11,2.51030925740655e-05
holdout_load4ohm,spice_0.25_to_0.125ns,highVds_V,0.010166434639622,25.4307349631908,0.254307349631908,1,0.000106461297630034,0.000111674331003111
holdout_load4ohm,spice_0.25_to_0.125ns,lowVds_V,0.0101758439907567,24.1810097610011,0.241810097610011,1,0.000289402304694875,0.000111789970633952
holdout_load4ohm,spice_0.25_to_0.125ns,highCurrent_A,0.00834585448253833,12.0561940535845,0.120561940535845,1,0.00450989151239511,0.000221620701655971
holdout_load4ohm,spice_0.25_to_0.125ns,lowCurrent_A,0.00834585977077307,6.17400876923507,0.0617400876923507,1,0.000495587844604017,0.000221620823237305
holdout_load4ohm,spice_0.25_to_0.125ns,highGateCurrent_A,2.77313758924036e-05,0.398133929292413,0.01,1,2.46703750628186e-06,2.59735641503535e-07
holdout_load4ohm,spice_0.25_to_0.125ns,lowGateCurrent_A,8.48120182871115e-05,0.426466621488765,0.01,1,2.90661819113414e-06,1.00412370298677e-06
holdout_load4ohm,spice_0.25_to_0.125ns,loadCurrent_A,5.45832978815497e-09,5.92433680038269,0.0592433680038269,1,1.99840144432528e-13,2.49964344546527e-09
holdout_load4ohm,spice_0.25_to_0.125ns,feedCurrent_A,4.42440296359869e-05,5.92433745954776,0.0592433745954776,1,7.51395390352627e-10,1.82100385562134e-05
holdout_load4ohm,native_to_original_spice_0.125ns,switch_V,0.00483234077351591,24.1810097609769,0.241810097609769,1,7.35164424838786e-05,4.13897745050898e-05
holdout_load4ohm,native_to_original_spice_0.125ns,bus_V,3.00983452916626e-05,24.0349365881907,0.240349365881907,1,1.06584963077694e-10,4.65711043487186e-07
holdout_load4ohm,native_to_original_spice_0.125ns,highVgs_V,0.00078768290800113,11.9999966977506,0.119999966977506,1,2.61222155018004e-09,8.48035152745868e-06
holdout_load4ohm,native_to_original_spice_0.125ns,lowVgs_V,0.00121646048804069,11.9999870265733,0.119999870265733,1,9.16658748906229e-10,1.26507702135296e-05
holdout_load4ohm,native_to_original_spice_0.125ns,highVds_V,0.00482117176553842,25.4307349631908,0.254307349631908,1,0.000165882231826231,4.1345149750943e-05
holdout_load4ohm,native_to_original_spice_0.125ns,lowVds_V,0.00483234077434069,24.1810097610011,0.241810097610011,1,7.35164666672006e-05,4.13897746311309e-05
holdout_load4ohm,native_to_original_spice_0.125ns,highCurrent_A,0.00302421164048283,12.0561940535845,0.120561940535845,1,0.00108710446391136,4.63301168243689e-05
holdout_load4ohm,native_to_original_spice_0.125ns,lowCurrent_A,0.00302421338421066,6.17400876923507,0.0617400876923507,1,0.00012611608242441,4.63301348560724e-05
holdout_load4ohm,native_to_original_spice_0.125ns,highGateCurrent_A,3.15073177260539e-05,0.398133929292413,0.01,1,1.45358922249983e-05,3.39214064993578e-07
holdout_load4ohm,native_to_original_spice_0.125ns,lowGateCurrent_A,4.86584209045821e-05,0.426466621488765,0.01,1,1.99557790444005e-05,5.06030830744421e-07
holdout_load4ohm,native_to_original_spice_0.125ns,loadCurrent_A,1.91202431665261e-09,5.92433680038269,0.0592433680038269,1,7.87505172183955e-10,6.00205534465001e-10
holdout_load4ohm,native_to_original_spice_0.125ns,feedCurrent_A,2.71944709095973e-06,5.92433745954776,0.0592433745954776,1,1.04537090095391e-09,7.39431006238364e-07
holdout_gate47,native_0.5_to_0.125ns,switch_V,0.0175467660109772,27.3549859317143,0.273549859317143,1,1.96284608691144e-05,0.000388752549555835
holdout_gate47,native_0.5_to_0.125ns,bus_V,0.000234287061410043,24.0808567189387,0.240808567189387,1,7.04205831425497e-07,1.5619097934127e-05
holdout_gate47,native_0.5_to_0.125ns,highVgs_V,0.00351073506244326,11.9999934003679,0.119999934003679,1,0,6.30626820496193e-05
holdout_gate47,native_0.5_to_0.125ns,lowVgs_V,0.00682142475621195,11.9904647361148,0.119904647361148,1,3.20575157530811e-08,0.000118513779034982
holdout_gate47,native_0.5_to_0.125ns,highVds_V,0.0175758448317147,27.212481910445,0.27212481910445,1,0.000261992024764623,0.000388008671229806
holdout_gate47,native_0.5_to_0.125ns,lowVds_V,0.0175467660109772,27.3549859317143,0.273549859317143,1,1.96284608691144e-05,0.000388752549555835
holdout_gate47,native_0.5_to_0.125ns,highCurrent_A,0.0223647854339903,186.919472830665,1.86919472830665,1,0.00562990080058512,0.00144548443714184
holdout_gate47,native_0.5_to_0.125ns,lowCurrent_A,0.022364799512947,183.954820417779,1.83954820417779,1,0.00563015662828548,0.00144548445149774
holdout_gate47,native_0.5_to_0.125ns,highGateCurrent_A,7.02147012489329e-05,0.217760036763448,0.01,1,6.75942343845437e-05,1.26125364099325e-06
holdout_gate47,native_0.5_to_0.125ns,lowGateCurrent_A,0.000136428495124227,0.217588381715747,0.01,1,6.77040809385354e-05,2.37027558069979e-06
holdout_gate47,native_0.5_to_0.125ns,loadCurrent_A,1.99068903583566e-08,2.98096418635246,0.0298096418635246,1,1.30784272300843e-12,3.39331116149086e-09
holdout_gate47,native_0.5_to_0.125ns,feedCurrent_A,0.000232422279266231,14.1407811266504,0.141407811266504,1,0.000115605788909789,8.81873534869569e-05
holdout_gate47,native_0.25_to_0.125ns,switch_V,0.00510228536014568,27.3549859317143,0.273549859317143,1,5.26314556523744e-05,8.12413469504478e-05
holdout_gate47,native_0.25_to_0.125ns,bus_V,5.38648143795228e-05,24.0808567189387,0.240808567189387,1,4.75991299708767e-08,3.0617313997172e-06
holdout_gate47,native_0.25_to_0.125ns,highVgs_V,0.00159309295035825,11.9999934003679,0.119999934003679,1,0,1.72141386491611e-05
holdout_gate47,native_0.25_to_0.125ns,lowVgs_V,0.00192452529630982,11.9904647361148,0.119904647361148,1,6.30495478048942e-09,2.73080490012405e-05
holdout_gate47,native_0.25_to_0.125ns,highVds_V,0.00510342526206387,27.212481910445,0.27212481910445,1,4.66852718581379e-05,8.11094406342603e-05
holdout_gate47,native_0.25_to_0.125ns,lowVds_V,0.00510228536014568,27.3549859317143,0.273549859317143,1,5.26314556523744e-05,8.12413469504478e-05
holdout_gate47,native_0.25_to_0.125ns,highCurrent_A,0.00530891467480732,186.919472830665,1.86919472830665,1,0.000379912095894497,0.000291324390245248
holdout_gate47,native_0.25_to_0.125ns,lowCurrent_A,0.00530891749363893,183.954820417779,1.83954820417779,1,0.000379911709018188,0.000291324384226808
holdout_gate47,native_0.25_to_0.125ns,highGateCurrent_A,3.18618590071651e-05,0.217760036763448,0.01,1,4.69440240130625e-06,3.44282772983573e-07
holdout_gate47,native_0.25_to_0.125ns,lowGateCurrent_A,3.8490505926185e-05,0.217588381715747,0.01,1,4.80489103285575e-06,5.46160980024806e-07
holdout_gate47,native_0.25_to_0.125ns,loadCurrent_A,4.75976680291978e-09,2.98096418635246,0.0298096418635246,1,7.46069872548105e-14,5.01530703993008e-10
holdout_gate47,native_0.25_to_0.125ns,feedCurrent_A,5.01191591766315e-05,14.1407811266504,0.141407811266504,1,2.32405231468391e-05,1.38713987276543e-05
holdout_gate47,spice_0.25_to_0.125ns,switch_V,0.00150717875118822,27.3549979322295,0.273549979322295,1,2.00242370489434e-05,3.70662123531107e-05
holdout_gate47,spice_0.25_to_0.125ns,bus_V,4.42992472500237e-05,24.0808566755165,0.240808566755165,1,1.16263336735756e-07,2.85133970081039e-06
holdout_gate47,spice_0.25_to_0.125ns,highVgs_V,0.000541901760837682,11.999993395109,0.11999993395109,1,3.18607362714829e-11,3.75368281601331e-06
holdout_gate47,spice_0.25_to_0.125ns,lowVgs_V,0.000544434618074963,11.9904647342886,0.119904647342886,1,6.82921630357214e-09,5.84587487315059e-06
holdout_gate47,spice_0.25_to_0.125ns,highVds_V,0.00150494356969944,27.2124961607289,0.272124961607289,1,6.49888982380276e-05,3.70890513557739e-05
holdout_gate47,spice_0.25_to_0.125ns,lowVds_V,0.00150717875118911,27.3549979322569,0.273549979322569,1,2.00242370489434e-05,3.70662123531356e-05
holdout_gate47,spice_0.25_to_0.125ns,highCurrent_A,0.00465959938255112,186.919663538992,1.86919663538992,1,0.00093529783299573,0.000276158857795339
holdout_gate47,spice_0.25_to_0.125ns,lowCurrent_A,0.00465959706767105,183.955011055985,1.83955011055985,1,0.000935350903688459,0.000276158854069809
holdout_gate47,spice_0.25_to_0.125ns,highGateCurrent_A,1.08380351966919e-05,0.217756492425436,0.01,1,1.64027127436128e-07,7.50736508943426e-08
holdout_gate47,spice_0.25_to_0.125ns,lowGateCurrent_A,1.08886923620363e-05,0.217584934456483,0.01,1,5.72547342703178e-07,1.169174974686e-07
holdout_gate47,spice_0.25_to_0.125ns,loadCurrent_A,2.31137509132395e-09,2.98096418636446,0.0298096418636446,1,1.05475628231488e-11,3.03776670183257e-10
holdout_gate47,spice_0.25_to_0.125ns,feedCurrent_A,4.61812511449722e-05,14.1407811262782,0.141407811262782,1,2.11956411817482e-05,1.05465481713956e-05
holdout_gate47,native_to_original_spice_0.125ns,switch_V,0.000660085523297216,27.3549979322295,0.273549979322295,1,1.20005151984515e-05,1.11536902595296e-05
holdout_gate47,native_to_original_spice_0.125ns,bus_V,1.0457183513779e-05,24.0808566755165,0.240808566755165,1,4.34221973932836e-08,3.96133356441041e-07
holdout_gate47,native_to_original_spice_0.125ns,highVgs_V,0.000571512974055111,11.999993395109,0.11999993395109,1,5.25893639746755e-09,5.34162342917862e-06
holdout_gate47,native_to_original_spice_0.125ns,lowVgs_V,0.00051212840958037,11.9904647342886,0.119904647342886,1,1.82611614718553e-09,5.57551612626101e-06
holdout_gate47,native_to_original_spice_0.125ns,highVds_V,0.000661191139698758,27.2124961607289,0.272124961607289,1,1.42502838791358e-05,1.11722618126057e-05
holdout_gate47,native_to_original_spice_0.125ns,lowVds_V,0.000660085522232956,27.3549979322569,0.273549979322569,1,1.20005425543468e-05,1.11536902774467e-05
holdout_gate47,native_to_original_spice_0.125ns,highCurrent_A,0.00105849724166385,186.919663538992,1.86919663538992,1,0.000190708326982758,3.88885652591091e-05
holdout_gate47,native_to_original_spice_0.125ns,lowCurrent_A,0.00105849798811275,183.955011055985,1.83955011055985,1,0.000190638205737059,3.88885761276037e-05
holdout_gate47,native_to_original_spice_0.125ns,highGateCurrent_A,1.1430260442119e-05,0.217756492425436,0.01,1,3.54433801186271e-06,1.06832454109312e-07
holdout_gate47,native_to_original_spice_0.125ns,lowGateCurrent_A,1.02425788515714e-05,0.217584934456483,0.01,1,3.44725926371137e-06,1.11510323474934e-07
holdout_gate47,native_to_original_spice_0.125ns,loadCurrent_A,4.59551952047832e-10,2.98096418636446,0.0298096418636446,1,1.20006227177782e-11,3.02549861727263e-11
holdout_gate47,native_to_original_spice_0.125ns,feedCurrent_A,4.92266142515518e-06,14.1407811262782,0.141407811262782,1,3.72233799339483e-10,4.42256438606052e-07
holdout_bus30_load16_gate10,native_0.5_to_0.125ns,switch_V,0.184514885798102,30.8407072023732,0.308407072023732,1,0.0285460631068304,0.00281232734543843
holdout_bus30_load16_gate10,native_0.5_to_0.125ns,bus_V,0.000970060986645649,30.0110202687455,0.300110202687455,1,1.78034653686154e-09,3.49402758500029e-05
holdout_bus30_load16_gate10,native_0.5_to_0.125ns,highVgs_V,0.00659457458823764,11.9999982840597,0.119999982840597,1,1.4210854715202e-14,0.000154183941241686
holdout_bus30_load16_gate10,native_0.5_to_0.125ns,lowVgs_V,0.0279942038661221,11.9999984199355,0.119999984199355,1,3.57516327653684e-09,0.000398895630774836
holdout_bus30_load16_gate10,native_0.5_to_0.125ns,highVds_V,0.184539099112145,30.78889321515,0.3078889321515,1,0.00232003894410582,0.00281702611121472
holdout_bus30_load16_gate10,native_0.5_to_0.125ns,lowVds_V,0.184514885798102,30.8407072023732,0.308407072023732,1,0.0285460631068304,0.00281232734543843
holdout_bus30_load16_gate10,native_0.5_to_0.125ns,highCurrent_A,0.0941691919159653,11.5431740253923,0.115431740253923,1,0.0368321132564962,0.00334748812925017
holdout_bus30_load16_gate10,native_0.5_to_0.125ns,lowCurrent_A,0.0941692345925751,9.69661370489446,0.0969661370489446,1,0.0368313204836355,0.00334748927021386
holdout_bus30_load16_gate10,native_0.5_to_0.125ns,highGateCurrent_A,0.000507274968326032,0.659620519946548,0.01,1,0.000352260174775632,1.18603031724394e-05
holdout_bus30_load16_gate10,native_0.5_to_0.125ns,lowGateCurrent_A,0.002153400297394,0.665556502753231,0.01,1,0.000244068286054167,3.06842792903734e-05
holdout_bus30_load16_gate10,native_0.5_to_0.125ns,loadCurrent_A,8.31052302530111e-08,1.86903238865743,0.0186903238865743,1,2.82684986530057e-12,1.4661811724404e-08
holdout_bus30_load16_gate10,native_0.5_to_0.125ns,feedCurrent_A,0.000365455028367045,1.86903335555099,0.0186903335555099,1,5.8946898473522e-09,0.000150460977852201
holdout_bus30_load16_gate10,native_0.25_to_0.125ns,switch_V,0.0499792830173718,30.8407072023732,0.308407072023732,1,0.000621193585185864,0.000585733607710753
holdout_bus30_load16_gate10,native_0.25_to_0.125ns,bus_V,0.000218392121290378,30.0110202687455,0.300110202687455,1,1.06957998013968e-10,7.02888972571197e-06
holdout_bus30_load16_gate10,native_0.25_to_0.125ns,highVgs_V,0.00276466322097235,11.9999982840597,0.119999982840597,1,0,3.66706529550887e-05
holdout_bus30_load16_gate10,native_0.25_to_0.125ns,lowVgs_V,0.00739225763065132,11.9999984199355,0.119999984199355,1,4.69313476969546e-12,8.58059607432008e-05
holdout_bus30_load16_gate10,native_0.25_to_0.125ns,highVds_V,0.0499188055238005,30.78889321515,0.3078889321515,1,0.000697300727534156,0.000586627753751834
holdout_bus30_load16_gate10,native_0.25_to_0.125ns,lowVds_V,0.0499792830173718,30.8407072023732,0.308407072023732,1,0.000621193585185864,0.000585733607710753
holdout_bus30_load16_gate10,native_0.25_to_0.125ns,highCurrent_A,0.0213158558301254,11.5431740253923,0.115431740253923,1,0.00840900710717918,0.000676058641090623
holdout_bus30_load16_gate10,native_0.25_to_0.125ns,lowCurrent_A,0.021315864487769,9.69661370489446,0.0969661370489446,1,0.00840901119638282,0.000676058880134022
holdout_bus30_load16_gate10,native_0.25_to_0.125ns,highGateCurrent_A,0.000212666401613659,0.659620519946548,0.01,1,6.71917617288686e-05,2.82081945808613e-06
holdout_bus30_load16_gate10,native_0.25_to_0.125ns,lowGateCurrent_A,0.000568635202357753,0.665556502753231,0.01,1,0.00021822279574657,6.60045851870812e-06
holdout_bus30_load16_gate10,native_0.25_to_0.125ns,loadCurrent_A,1.95787290824256e-08,1.86903238865743,0.0186903238865743,1,2.70605760022136e-12,2.60874816469447e-09
holdout_bus30_load16_gate10,native_0.25_to_0.125ns,feedCurrent_A,7.04020193853516e-05,1.86903335555099,0.0186903335555099,1,1.70702607604767e-09,2.89852519095879e-05
holdout_bus30_load16_gate10,spice_0.25_to_0.125ns,switch_V,0.0106684041089338,30.8395170868334,0.308395170868334,1,0.00213132758775458,0.000134135135509244
holdout_bus30_load16_gate10,spice_0.25_to_0.125ns,bus_V,0.000128351539053995,30.0110202686661,0.300110202686661,1,3.73049147128768e-10,1.95980698242512e-06
holdout_bus30_load16_gate10,spice_0.25_to_0.125ns,highVgs_V,0.000521179952388984,11.9999982824892,0.119999982824892,1,1.96536120711244e-11,6.39887144814042e-06
holdout_bus30_load16_gate10,spice_0.25_to_0.125ns,lowVgs_V,0.00174510641680192,11.9999984194674,0.119999984194674,1,1.96287430753728e-12,2.07343147179436e-05
holdout_bus30_load16_gate10,spice_0.25_to_0.125ns,highVds_V,0.0106778014215614,30.7889280206565,0.307889280206565,1,0.000335512226808277,0.000134384948770363
holdout_bus30_load16_gate10,spice_0.25_to_0.125ns,lowVds_V,0.0106684041089462,30.8395170868642,0.308395170868642,1,0.00213132758775814,0.000134135135509401
holdout_bus30_load16_gate10,spice_0.25_to_0.125ns,highCurrent_A,0.0128373253224723,11.5435356842715,0.115435356842715,1,0.00122322413747611,0.000196171808635666
holdout_bus30_load16_gate10,spice_0.25_to_0.125ns,lowCurrent_A,0.0128373356884648,9.69697535902987,0.0969697535902987,1,0.00122320796920228,0.000196171952017275
holdout_bus30_load16_gate10,spice_0.25_to_0.125ns,highGateCurrent_A,4.00907654184435e-05,0.65958102958305,0.01,1,1.13648817157141e-06,4.92220888423284e-07
holdout_bus30_load16_gate10,spice_0.25_to_0.125ns,lowGateCurrent_A,0.000134238955140226,0.665520137535009,0.01,1,3.66438006382808e-07,1.5949472860148e-06
holdout_bus30_load16_gate10,spice_0.25_to_0.125ns,loadCurrent_A,1.03197028700208e-08,1.86903238866103,0.0186903238866103,1,3.29736238313671e-13,2.20479390303412e-09
holdout_bus30_load16_gate10,spice_0.25_to_0.125ns,feedCurrent_A,1.10814709266063e-05,1.86903335557986,0.0186903335557987,1,7.98321186934459e-10,3.17799041872686e-07
holdout_bus30_load16_gate10,native_to_original_spice_0.125ns,switch_V,0.00299282950073376,30.8395170868334,0.308395170868334,1,0.00119011553979931,5.76153365563791e-05
holdout_bus30_load16_gate10,native_to_original_spice_0.125ns,bus_V,3.63550830329018e-05,30.0110202686661,0.300110202686661,1,7.93285437339364e-11,6.85762706075697e-07
holdout_bus30_load16_gate10,native_to_original_spice_0.125ns,highVgs_V,0.00107876081365266,11.9999982824892,0.119999982824892,1,1.57050550342319e-09,9.84807540583638e-06
holdout_bus30_load16_gate10,native_to_original_spice_0.125ns,lowVgs_V,0.000871001510279079,11.9999984194674,0.119999984194674,1,4.68032723688339e-10,1.26570424499557e-05
holdout_bus30_load16_gate10,native_to_original_spice_0.125ns,highVds_V,0.00301590662181539,30.7889280206565,0.307889280206565,1,3.48055065053643e-05,5.77817298154012e-05
holdout_bus30_load16_gate10,native_to_original_spice_0.125ns,lowVds_V,0.00299282949852442,30.8395170868642,0.308395170868642,1,0.0011901155089582,5.76153367250841e-05
holdout_bus30_load16_gate10,native_to_original_spice_0.125ns,highCurrent_A,0.00368007803736115,11.5435356842715,0.115435356842715,1,0.000361658879159066,6.81726520415066e-05
holdout_bus30_load16_gate10,native_to_original_spice_0.125ns,lowCurrent_A,0.00368007990178493,9.69697535902987,0.0969697535902987,1,0.000361654135403455,6.81726689797399e-05
holdout_bus30_load16_gate10,native_to_original_spice_0.125ns,highGateCurrent_A,8.29815689280533e-05,0.65958102958305,0.01,1,3.94903634984844e-05,7.57544227417275e-07
holdout_bus30_load16_gate10,native_to_original_spice_0.125ns,lowGateCurrent_A,6.70001121608754e-05,0.665520137535009,0.01,1,3.63652182217011e-05,9.73618663653578e-07
holdout_bus30_load16_gate10,native_to_original_spice_0.125ns,loadCurrent_A,3.8690024517507e-09,1.86903238866103,0.0186903238866103,1,3.60067531346431e-12,2.71802356360931e-10
holdout_bus30_load16_gate10,native_to_original_spice_0.125ns,feedCurrent_A,4.64872160835239e-06,1.86903335557986,0.0186903335557987,1,2.88702395323526e-11,9.83096403378871e-07
holdout_bus30_load16_gate10,native_consistency_10x,switch_V,0,30.8407072023732,0.308407072023732,1,0,0
holdout_bus30_load16_gate10,native_consistency_10x,bus_V,0,30.0110202687455,0.300110202687455,1,0,0
holdout_bus30_load16_gate10,native_consistency_10x,highVgs_V,0,11.9999982840597,0.119999982840597,1,0,0
holdout_bus30_load16_gate10,native_consistency_10x,lowVgs_V,0,11.9999984199355,0.119999984199355,1,0,0
holdout_bus30_load16_gate10,native_consistency_10x,highVds_V,0,30.78889321515,0.3078889321515,1,0,0
holdout_bus30_load16_gate10,native_consistency_10x,lowVds_V,0,30.8407072023732,0.308407072023732,1,0,0
holdout_bus30_load16_gate10,native_consistency_10x,highCurrent_A,0,11.5431740253923,0.115431740253923,1,0,0
holdout_bus30_load16_gate10,native_consistency_10x,lowCurrent_A,0,9.69661370489446,0.0969661370489446,1,0,0
holdout_bus30_load16_gate10,native_consistency_10x,highGateCurrent_A,0,0.659620519946548,0.01,1,0,0
holdout_bus30_load16_gate10,native_consistency_10x,lowGateCurrent_A,0,0.665556502753231,0.01,1,0,0
holdout_bus30_load16_gate10,native_consistency_10x,loadCurrent_A,0,1.86903238865743,0.0186903238865743,1,0,0
holdout_bus30_load16_gate10,native_consistency_10x,feedCurrent_A,0,1.86903335555099,0.0186903335555099,1,0,0
